USAM_05_NS.1445.002.IDT_i7_139---IDT_i5_139_DS0.2	USAM	11825402	1785635702	1646060389	1293774679	997830778	997830778		
USAM_01_NS.1445.002.IDT_i7_125---IDT_i5_125_DS0.2	USAM	13391464	2022111064	1874319921	1460298743	1088123196	1088123196		
USAM_03_NS.1445.002.IDT_i7_138---IDT_i5_138_DS0.2	USAM	14888674	2248189774	2076659594	1614020838	1214450575	1214450575		
USAM_04_NS.1445.002.IDT_i7_186---IDT_i5_186_DS0.2	USAM	14177846	2140854746	1981140477	1534431156	1139812249	1139812249		
USAM_02_NS.1445.002.IDT_i7_173---IDT_i5_173_DS0.2	USAM	13716730	2071226230	1921737872	1489419197	1091256730	1091256730		
USAM_18_NS.1445.002.IDT_i7_164---IDT_i5_164_DS0.2	USAM	12160532	1836240332	1700959121	1297950379	900098156	900098156		
USAM_17_NS.1445.002.IDT_i7_104---IDT_i5_104_DS0.2	USAM	12087902	1825273333	1691912707	1322724042	984052304	984052304		
USAM_10_NS.1445.002.IDT_i7_177---IDT_i5_177_DS0.2	USAM	12626748	1906638948	1765362136	1361956949	989417365	989417365		
USAM_08_NS.1445.002.IDT_i7_105---IDT_i5_105_DS0.2	USAM	13067080	1973129080	1822725480	1405125733	1023815362	1023815362		
USAM_13_NS.1445.002.IDT_i7_185---IDT_i5_185_DS0.2	USAM	12720438	1920786138	1779655626	1357591806	963829650	963829650		
MORL_01_NS.1445.002.IDT_i7_101---IDT_i5_101_DS0.2	MORL	12635770	1908001270	1765322081	1378646596	1034313089	1034313089		
USAM_15_NS.1445.002.IDT_i7_103---IDT_i5_103_DS0.2	USAM	12344438	1864010138	1723502218	1338725363	993992169	993992169		
USAM_09_NS.1445.002.IDT_i7_141---IDT_i5_141_DS0.2	USAM	13665510	2063492010	1902032468	1349401294	1048598263	1048598263		
MORL_04_NS.1445.002.IDT_i7_162---IDT_i5_162_DS0.2	MORL	12118640	1829914640	1697466162	1323192034	978616116	978616116		
USAM_12_NS.1445.002.IDT_i7_137---IDT_i5_137_DS0.2	USAM	12621560	1905855560	1766117016	1366516634	971843055	971843055		
USAM_16_NS.1445.002.IDT_i7_151---IDT_i5_151_DS0.2	USAM	13376932	2019916732	1865239233	1442731590	1069785935	1069785935		
USAM_19_NS.1445.002.IDT_i7_117---IDT_i5_117_DS0.2	USAM	13590524	2052169124	1897844422	1468850266	1088893860	1088893860		
USAM_06_NS.1445.002.IDT_i7_187---IDT_i5_187_DS0.2	USAM	13033952	1968126752	1822013889	1381991176	971694322	971694322		
USAM_14_NS.1445.002.IDT_i7_150---IDT_i5_150_DS0.2	USAM	13728940	2073069940	1916585118	1445573771	995154004	995154004		
MORL_02_NS.1445.002.IDT_i7_149---IDT_i5_149_DS0.2	MORL	13378952	2020221752	1867408207	1460491328	1125034340	1125034340		
USAM_07_NS.1445.002.IDT_i7_152---IDT_i5_152_DS0.2	USAM	14760110	2228776610	2055348469	1599480438	1228043025	1228043025		
USAM_11_NS.1445.002.IDT_i7_106---IDT_i5_106_DS0.2	USAM	15722100	2374037100	2182781389	1699048165	1335047292	1335047292		
MORL_06_NS.1445.002.IDT_i7_163---IDT_i5_163_DS0.2	MORL	14642476	2211013876	2032409003	1576790696	1286401139	1286401139		
MORL_09_NS.1445.002.IDT_i7_129---IDT_i5_129_DS0.2	MORL	10957102	1654522402	1526840292	1187539904	891461539	891461539		
MORL_07_NS.1445.002.IDT_i7_128---IDT_i5_128_DS0.2	MORL	12344004	1863944604	1726803329	1343113331	974366831	974366831		
MORL_14_NS.1445.002.IDT_i7_126---IDT_i5_126_DS0.2	MORL	11770542	1777351842	1641949322	1275658187	944188148	944188148		
MORL_13_NS.1445.002.IDT_i7_161---IDT_i5_161_DS0.2	MORL	12882304	1945227904	1799843829	1395214394	1016881664	1016881664		
MORL_18_NS.1445.002.IDT_i7_140---IDT_i5_140_DS0.2	MORL	12423720	1875981720	1734126485	1350473865	1021542802	1021542802		
MORL_10_NS.1445.002.IDT_i7_165---IDT_i5_165_DS0.2	MORL	12858494	1941632594	1792843055	1408753325	1115251101	1115251101		
MORL_17_NS.1445.002.IDT_i7_175---IDT_i5_175_DS0.2	MORL	12608948	1903951148	1761500179	1368712627	968655217	968655217		
MORL_16_NS.1445.002.IDT_i7_127---IDT_i5_127_DS0.2	MORL	13271594	2004010694	1854721193	1444409692	1063893217	1063893217		
MORL_08_NS.1445.002.IDT_i7_176---IDT_i5_176_DS0.2	MORL	14216876	2146748276	1983290715	1534971789	1083536017	1083536017		
MORL_15_NS.1445.002.IDT_i7_174---IDT_i5_174_DS0.2	MORL	14241706	2150497606	1980638932	1551823794	1241490217	1241490217		
MORL_19_NS.1445.002.IDT_i7_188---IDT_i5_188_DS0.2	MORL	14991686	2263744586	2085110195	1624106878	1236073633	1236073633		
MORL_11_NS.1445.002.IDT_i7_189---IDT_i5_189_DS0.2	MORL   	17720314	2675767414	2470496100	1937975472	1555904663	1555904663		
MORL_12_NS.1445.002.IDT_i7_113---IDT_i5_113_DS0.2	MORL	19304760	2915018760	2671199858	2068803617	1723384916	1723384916		
BUNN_13_EKDL210007863-1a-AK19072-AK23726_HLNT5DSX2_L2	BUNN	1864004	    279600600	193397274	145631095	76957893	76957893	
CLEW_07_EKDL210007862-1a-AK16191-AK16192_HLNT5DSX2_L2	CLEW	3314564	    497184600	362748852	275640675	158878077	158878077	
GREV_05_EKDL200012859-1a-AK11476-AK16258_HNLVYDSXY_L1	GREV	5991202	    898680300	696683997	367475951	208685374	208685374	
LILL_07_EKDL200012859-1a-AK11683-AK16236_HNLVYDSXY_L1	LILL	4708032	    706204800	585165545	446440182	372545581	372545581	
BUNN_17_EKDL210007863-1a-AK19113-AK23731_HLNT5DSX2_L2	BUNN	4828226	    724233900	612021870	478481957	347504803	347504803	
DOLV_18_EKDL210009122-1a-AK31173-AK31174_HTVH3DSX2_L3	DOLV	5243474	    786521100	619706178	475285826	330926986	330926986	
CRES_19_EKDL210004788-1a-AK11467-AK14066_HHJYYDSX2_L1	CRES	4907228	    736084200	640594872	498115983	351391718	351391718	
CRES_15_EKDL210004788-1a-AK11674-AK2690_HHJYYDSX2_L1	CRES	5081690	    762253500	637159263	489359939	315668834	315668834	
HAUG_19_EKDL210009123-1a-AK18989-AK33821_HTVH3DSX2_L3	HAUG	5535088	    830263200	632224280	480550946	332680754	332680754	
CRES_12_EKDL210009123-1a-AK19017-AK23748_HTVH3DSX2_L3	CRES	5406852	    811027800	626353104	475451801	286469453	286469453	
CLEW_08_EKDL210007862-1a-AK16207-AK16208_HLNT5DSX2_L2	CLEW	5976916	    896537400	654402828	486523758	274733415	274733415	
CORS_05_EKDL210007863-1a-AK19068-AK23743_HLNT5DSX2_L2	CORS	5250114	    787517100	676739161	525101300	394163796	394163796	
CRES_18_EKDL210009123-1a-AK23749-AK23750_HTVH3DSX2_L3	CRES	5630620	    844593000	672090771	517858561	347345198	347345198	
FURI_13_EKDL200012859-1a-AK11677-AK5989_HNLVYDSXY_L1	FURI	5902904	    885435600	724212903	565190493	472543109	472543109	
HYPP_13_EKDL210007863-1a-AK18634-AK31196_HLNT5DSX2_L2	HYPP	5557250	    833587500	677571663	524884506	387907619	387907619	
LILL_20_EKDL210009123-1a-AK19090-AK23691_HTVH3DSX2_L3	LILL	5845346	    876801900	720556943	558632238	397732213	397732213	
Lurida_03_EKDL210004789-1a-AK11591-AK16275_HHJYYDSX2_L2	Lurida	10905140	1635771000	1335855756	166025109	116922857	116922857	
CORS_02_EKDL210004790-1a-AK11485-AK16252_HHJYYDSX2_L3	CORS	5865930	    879889500	792800149	627522140	484181213	484181213	
INNE_25_EKDL200012859-1a-AK11495-AK16238_HNLVYDSXY_L1	INNE	5718076	    857711400	666311147	491294562	299224195	299224195	
CRES_20_EKDL200012859-1a-AK11377-AK16262_HNLVYDSXY_L1	CRES	7983714	    1197557100	947698882	724014987	400470750	400470750	
BUNN_08_EKDL210007863-1a-AK19172-AK23724_HLNT5DSX2_L2	BUNN	7057900	    1058685000	879637994	687011314	505569570	505569570	
GASO_19_EKDL210009122-1a-AK19282-AK15919_HTVH3DSX2_L3	GASO	7448936	    1117340400	890740775	687288846	483587761	483587761	
CRES_14_EKDL210004788-1a-AK7415-AK16289_HHJYYDSX2_L1	CRES	7942348	    1191352200	953131903	727795068	421185906	421185906	
BARR_15_EKDL200012859-1a-AK11171-AK16279_HNLVYDSXY_L1	BARR	7376682	    1106502300	976068901	751141389	603178565	603178565	
DOLV_15_EKDL210009122-1a-AK19284-AK31207_HTVH3DSX2_L3	DOLV	7902802	    1185420300	927229771	717971483	498128358	498128358	
CLEW_09_EKDL210007862-1a-AK19096-AK19674_HLNT5DSX2_L2	CLEW	7957106	    1193565900	941932804	712581636	417592550	417592550	
BUNN_20_EKDL210007863-1a-AK19137-AK23734_HLNT5DSX2_L2	BUNN	7734010	    1160101500	973083026	760704989	590028763	590028763	
LILL_08_EKDL200012859-1a-AK11467-AK14066_HNLVYDSXY_L1	LILL	7974784	    1196217600	981915773	748915667	601579153	601579153	
HYPP_09_EKDL210007863-1a-AK19087-AK23763_HLNT5DSX2_L2	HYPP	7806240 	1170936000	988577272	773392560	594500712	594500712	
DOLV_09_EKDL210009122-1a-AK19293-AK31140_HTVH3DSX2_L3	DOLV	8321648	    1248247200	1011530078	788905634	589528318	589528318	
GASO_14_EKDL210009122-1a-AK31210-AK31211_HTVH3DSX2_L3	GASO	7806912	    1171036800	955362260	742630797	555033810	555033810	
CRES_05_EKDL210004790-1a-AK8204-AK9482_HHJYYDSX2_L3	    CRES	8145790	    1221868500	1087273028	850062234	645040939	645040939	
HFJO_20_EKDL210009123-1a-AK19070-AK23760_HTVH3DSX2_L3	HFJO	8554596	    1283189400	967570028	744610547	488561100	488561100	
BOVA_15_EKDL210009122-1a-AK19045-AK31153_HTVH3DSX2_L3	BOVA	8308892	    1246333800	993735235	771887805	559115243	559115243	
DOLV_05_EKDL210009122-1a-AK31182-AK31183_HTVH3DSX2_L3	DOLV	8594734	    1289210100	1009189978	778616715	562576099	562576099	
DOLV_08_EKDL210009122-1a-AK31151-AK31152_HTVH3DSX2_L3	DOLV	8458212	    1268731800	1002606824	780431337	563516591	563516591	
DOLV_06_EKDL210009122-1a-AK27196-AK31175_HTVH3DSX2_L3	DOLV	8873468	    1331020200	1057773785	819254899	593951285	593951285	
DOLV_11_EKDL210009122-1a-AK31119-AK31120_HTVH3DSX2_L3	DOLV	9171408	    1375711200	1039492849	785564110	493126096	493126096	
Lurida_02_EKDL210004790-1a-AK11600-AK6934_HHJYYDSX2_L3	Lurida	14982922	2247438300	1968366095	234372151	174076284  	174076284
DOLV_20_EKDL210009122-1a-AK19079-AK31150_HTVH3DSX2_L3	DOLV	8490688	    1273603200	1040144171	809968513	614488684	614488684	
BUNN_18_EKDL210007863-1a-AK19007-AK23732_HLNT5DSX2_L2	BUNN	8386552	    1257982800	1062304870	826814872	605706782	605706782	
DOLV_13_EKDL210009122-1a-AK31230-AK31231_HTVH3DSX2_L3	DOLV	8613948	    1292092200	1038189813	800323877	579769779	579769779	
DOLV_10_EKDL210009122-1a-AK31129-AK31130_HTVH3DSX2_L3	DOLV	8507416	    1276112400	1039123382	801619931	590317215	590317215	
BARR_10_EKDL210004789-1a-AK11168-AK16259_HHJYYDSX2_L2	BARR	9276018	    1391402700	1105216364	851773357	697609135	697609135	
HFJO_07_EKDL210004789-1a-AK11593-AK16256_HHJYYDSX2_L2	HFJO	8330602	    1249590300	1051155723	826139607	660565030	660565030	
BOVA_10_EKDL210009123-1a-AK18629-AK15913_HTVH3DSX2_L3	BOVA	9791048	    1468657200	1125048854	866659869	602877906	602877906	
LANG_04_EKDL210005548-1a-AK11661-AK16241_HHJKNDSX2_L4	LANG	8313302	    1246995300	1077072574	846926877	680808386	680808386	
LOGS_03_EKDL210004788-1a-AK11377-AK16262_HHJYYDSX2_L1	LOGS	8639462 	1295919300	1108326965	868344416	635767603	635767603	
LOGS_14_EKDL210007862-1a-AK16185-AK16186_HLNT5DSX2_L2	LOGS	9434504	    1415175600	1143067103	881892564	603587794	603587794	
CORS_04_EKDL210007863-1a-AK18983-AK23742_HLNT5DSX2_L2	CORS	8990768	    1348615200	1167006209	917903453	718994001	718994001	
HYPP_18_EKDL210009122-1a-AK19265-AK31135_HTVH3DSX2_L3	HYPP	9220664	    1383099600	1119159606	863420513	672769654	672769654	
BUNN_06_EKDL210007863-1a-AK19056-AK23721_HLNT5DSX2_L2	BUNN	9092314	    1363847100	1144826327	888964050	660627016	660627016	
HYPP_20_EKDL210009122-1a-AK19176-AK31112_HTVH3DSX2_L3	HYPP	9443902	    1416585300	1095046544	840881166	572176166	572176166	
CRES_11_EKDL210005548-1a-AK11572-AK16283_HHJKNDSX2_L4	CRES	9221888	    1383283200	1220176586	956245113	713209000	713209000	
HYPP_17_EKDL210009122-1a-AK19185-AK31146_HTVH3DSX2_L3	HYPP	9083322	    1362498300	1103088214	851526776	637081616	637081616	
CRES_06_EKDL200012859-1a-AK11520-AK16285_HNLVYDSXY_L1	CRES	9685240	    1452786000	1261567164	974494322	731543544	731543544	
HYPP_19_EKDL210009122-1a-AK34061-AK34062_HTVH3DSX2_L3	HYPP	9442178	    1416326700	1111653186	854520508	598221622	598221622	
CRES_09_EKDL210009123-1a-AK19170-AK23747_HTVH3DSX2_L3	CRES	9975134	    1496270100	1197754447	919824409	605363426	605363426	
BARR_14_EKDL200012859-1a-AK11667-AK16287_HNLVYDSXY_L1	BARR	9895794	    1484369100	1304212083	1015928804	808438547	808438547	
HAUG_21_EKDL200012859-1a-AK11486-AK16237_HNLVYDSXY_L1	HAUG	10039140	1505871000	1272931359	986226345	790204703	790204703	
COLN_15_EKDL210005548-1a-AK11449-AK16245_HHJKNDSX2_L4	COLN	9011876	    1351781400	1202400814	953953434	775166664	775166664	
COLN_10_EKDL210009122-1a-AK34058-AK34059_HTVH3DSX2_L3	COLN	9756858	    1463528700	1200190470	934576673	696114806	696114806	
BOVA_17_EKDL210009122-1a-AK19289-AK31141_HTVH3DSX2_L3	BOVA	9900940	    1485141000	1193900386	926769354	681325686	681325686	
AGAB_23_EKDL200012859-1a-AK11195-AK16227_HNLVYDSXY_L1	AGAB	10174558	1526183700	1349125077	1067308715	823191362	823191362	
CLEW_04_EKDL210007862-1a-AK19016-AK18839_HLNT5DSX2_L2	CLEW	10518634	1577795100	1306192174	1008676784	687213768	687213768	
INNE_14_EKDL210009123-1a-AK19054-AK23703_HTVH3DSX2_L3	INNE	9710510	    1456576500	1210135417	935717910	666234324	666234324	
AGAB_18_EKDL200012859-1a-AK11718-AK16243_HNLVYDSXY_L1	AGAB	9232006	    1384800900	1184503488	915346011	714677373	714677373	
BOVA_19_EKDL210009122-1a-AK31121-AK31122_HTVH3DSX2_L3	BOVA	10776436	1616465400	1297661158	1002437263	720926853	720926853	
FURI_09_EKDL200012859-1a-AK11656-AK574_HNLVYDSXY_L1	    FURI	10195532	1529329800	1332926764	1048564541	846786651	846786651	
CRES_03_EKDL210004790-1a-AK11524-AK16276_HHJYYDSX2_L3	CRES	10502384	1575357600	1262329251	960156144	575575787	575575787	
HAUG_17_EKDL200012859-1a-AK11387-AK16228_HNLVYDSXY_L1	HAUG	10597896	1589684400	1390694076	1094777890	833060813	833060813	
GREV_02_EKDL210007863-1a-AK19011-AK22952_HLNT5DSX2_L2	GREV	10675566	1601334900	1333229860	1027098206	763590060	763590060	
LILL_01_EKDL200012859-1a-GG04-AK5420_HNLVYDSXY_L1	    LILL	10125620	1518843000	1345511991	1057644552	842655540	842655540	
HYPP_08_EKDL210007863-1a-AK18652-AK23762_HLNT5DSX2_L2	HYPP	9939724	    1490958600	1249835747	981742128	747072680	747072680	
HAFR_18_EKDL210007863-1a-AK23705-AK23706_HLNT5DSX2_L2	HAFR	10459880	1568982000	1283222097	990035451	713451617	713451617	
INNE_12_EKDL210004790-1a-AK11665-AK16278_HHJYYDSX2_L3	INNE	10986834	1648025100	1338886354	1021134511	672687396	672687396	
CRES_16_EKDL210004790-1a-AK11506-AK16290_HHJYYDSX2_L3	CRES	11274856	1691228400	1400042356	1069723942	686477625	686477625	
LOGS_02_EKDL210005548-1a-AK11460-AK16272_HHJKNDSX2_L4	LOGS	10003584	1500537600	1327536191	1048211171	823417890	823417890	
DOLV_14_EKDL210009122-1a-AK19073-AK31217_HTVH3DSX2_L3	DOLV	10643290	1596493500	1295976207	1005313718	780250545	780250545	
BUNN_03_EKDL210009123-1a-AK19003-AK23702_HTVH3DSX2_L3	BUNN	10922680	1638402000	1312895377	1015751528	731507862	731507862	
HAUG_05_EKDL200012859-1a-AK11692-AK16230_HNLVYDSXY_L1	HAUG	11146188	1671928200	1401272371	1096022312	833444830	833444830	
BARR_03_EKDL200012859-1a-AK11428-AK16253_HNLVYDSXY_L1	BARR	12409760	1861464000	1521949158	1164587904	812831045	812831045	
HFJO_15_EKDL210004790-1a-AK2372-AK16292_HHJYYDSX2_L3	HFJO	10504324	1575648600	1422202208	1121147456	899782391	899782391	
GASO_01_EKDL200012859-1a-AK11710-AK16288_HNLVYDSXY_L1	GASO	11360284	1704042600	1530195907	1201830011	941390710	941390710	
GREV_01_EKDL210007863-1a-AK19130-AK23745_HLNT5DSX2_L2	GREV	10667894	1600184100	1352274533	1036508276	796688238	796688238	
DOLV_04_EKDL210009122-1a-AK31199-AK31200_HTVH3DSX2_L3	DOLV	10970364	1645554600	1323903606	1024878744	729958357	729958357	
HYPP_10_EKDL210007863-1a-AK19059-AK23764_HLNT5DSX2_L2	HYPP	10452246	1567836900	1316719687	1028093327	790014384	790014384	
LANG_03_EKDL210005548-1a-AK11436-AK16240_HHJKNDSX2_L4	LANG	10176078	1526411700	1337857632	1058320672	859056705	859056705	
DOLV_03_EKDL210009122-1a-AK31208-AK31209_HTVH3DSX2_L3	DOLV	11350494	1702574100	1373351555	1063714685	826816094	826816094	
COLN_17_EKDL210009123-1a-AK19132-AK15917_HTVH3DSX2_L3	COLN	11056838	1658525700	1320529478	1022947541	759619482	759619482	
HFJO_05_EKDL210004788-1a-AK11656-AK574_HHJYYDSX2_L1	    HFJO	10467366	1570104900	1394481619	1095082027	855701417	855701417	
DOLV_12_EKDL210009122-1a-AK18639-AK31107_HTVH3DSX2_L3	DOLV	11592500	1738875000	1424224553	1107212129	806070990	806070990	
HFJO_03_EKDL210005548-1a-AK11467-AK14066_HHJKNDSX2_L4	HFJO	10714624	1607193600	1405743168	1111092701	933802269	933802269	
DOLV_16_EKDL210009122-1a-AK19237-AK22949_HTVH3DSX2_L3	DOLV	11439552	1715932800	1391252617	991661496	728406987	728406987	
BOVA_13_EKDL200012859-1a-AK11246-AK16274_HNLVYDSXY_L1	BOVA	12186526	1827978900	1602572479	1251491620	988458172	988458172	
KLEV_12_EKDL210005548-1a-AK11401-AK7949_HHJKNDSX2_L4	KLEV	17794780	2669217000	2315601372	65940068	43269413	43269413	
HAFR_07_EKDL210004790-1a-AK11375-AK16261_HHJYYDSX2_L3	HAFR	10835802	1625370300	1453285431	1147307385	883268190	883268190	
KALV_04_EKDL200012859-1a-AK11659-AK16242_HNLVYDSXY_L1	KALV	9313678	    1397051700	1131366176	863614725	665557600	665557600	
BOVA_18_EKDL210009122-1a-AK19173-AK31131_HTVH3DSX2_L3	BOVA	11713400	1757010000	1438471214	1113466438	819017033	819017033	
LANG_05_EKDL210007863-1a-AK23707-AK23708_HLNT5DSX2_L2	LANG	11179888	1676983200	1418890835	1103717969	777401967	777401967	
CLEW_06_EKDL210007862-1a-AK16175-AK16176_HLNT5DSX2_L2	CLEW	12021444	1803216600	1461393747	1129564509	687943951	687943951	
DOLV_01_EKDL210009122-1a-AK19014-AK31232_HTVH3DSX2_L3	DOLV	11821456	1773218400	1420578352	1098539008	799063571	799063571	
DOLV_07_EKDL210009122-1a-AK18627-AK31161_HTVH3DSX2_L3	DOLV	12151426	1822713900	1422059802	1090763230	738791523	738791523	
CRES_17_EKDL200012859-1a-AK11600-AK6934_HNLVYDSXY_L1	CRES	12237932	1835689800	1641437911	1288410946	986461123	986461123	
BOVA_11_EKDL210009122-1a-AK31162-AK31163_HTVH3DSX2_L3	BOVA	11517066	1727559900	1423505222	1106911750	821984841	821984841	
LANG_16_EKDL210007863-1a-AK19032-AK23713_HLNT5DSX2_L2	LANG	11402912	1710436800	1423672457	1115558345	841320028	841320028	
BOVA_16_EKDL210005548-1a-AK11692-AK16230_HHJKNDSX2_L4	BOVA	12026384	1803957600	1537368828	1212694130	976478431	976478431	
HAFR_14_EKDL210004790-1a-AK11495-AK16238_HHJYYDSX2_L3	HAFR	11137602	1670640300	1501246882	1194521046	911933093	911933093	
BUNN_12_EKDL210007863-1a-AK27190-AK34205_HLNT5DSX2_L2	BUNN	11760150	1764022500	1457989566	1127206095	837177106	837177106	
COLN_19_EKDL210009123-1a-AK19111-AK23696_HTVH3DSX2_L3	COLN	11853530	1778029500	1462308778	1129131982	864878593	864878593	
GASO_17_EKDL210005548-1a-AK11582-AK8205_HHJKNDSX2_L4	GASO	11221886	1683282900	1460703289	1150188853	951516726	951516726	
BARR_04_EKDL210004790-1a-AK11710-AK16288_HHJYYDSX2_L3	BARR	11736320	1760448000	1551457164	1210228336	861882333	861882333	
HAUG_16_EKDL210004789-1a-AK11512-AK16284_HHJYYDSX2_L2	HAUG	12278390	1841758500	1589494891	1239830964	944030714	944030714	
HYPP_14_EKDL210007863-1a-AK27212-AK34199_HLNT5DSX2_L2	HYPP	11935328	1790299200	1492665393	1158851999	812418121	812418121	
GASO_11_EKDL210009122-1a-AK19244-AK31215_HTVH3DSX2_L3	GASO	11963174	1794476100	1444734129	1110854966	881598740	881598740	
HALS_13_EKDL210007862-1a-AK19223-AK19696_HLNT5DSX2_L2	HALS	11850502	1777575300	1492343244	1166108067	876057537	876057537	
AGAB_13_EKDL200012859-1a-AK11640-AK16265_HNLVYDSXY_L1	AGAB	11123050	1668457500	1473901084	1169104558	907406216	907406216	
GASO_20_EKDL210009122-1a-AK31176-AK31177_HTVH3DSX2_L3	GASO	12622122	1893318300	1479557591	1144450941	796694551	796694551	
GREV_12_EKDL200012859-1a-AK11158-AK16267_HNLVYDSXY_L1	GREV	13163864	1974579600	1741455441	1276206846	844842518	844842518	
CRES_01_EKDL210009123-1a-AK34208-AK29626_HTVH3DSX2_L3	CRES	12459914	1868987100	1498849373	1153272675	801193017	801193017	
CRES_08_EKDL210004789-1a-AK11178-AK16246_HHJYYDSX2_L2	CRES	12419902	1862985300	1675817753	1309003197	946485168	946485168	
LILL_13_EKDL210004790-1a-AK11158-AK16267_HHJYYDSX2_L3	LILL	11605498	1740824700	1556371830	1237462714	984993986	984993986	
BUNN_02_EKDL210009123-1a-AK18986-AK34202_HTVH3DSX2_L3	BUNN	12804350	1920652500	1605757328	1238442013	979328809	979328809	
HALS_05_EKDL210007862-1a-AK16179-AK16180_HLNT5DSX2_L2	HALS	12535538	1880330700	1541664137	1197897164	825436758	825436758	
BUNN_01_EKDL210009123-1a-AK19109-AK31194_HTVH3DSX2_L3	BUNN	12472374	1870856100	1547396588	1198608989	925153014	925153014	
HYPP_16_EKDL210009122-1a-AK19225-AK31157_HTVH3DSX2_L3	HYPP	12354810	1853221500	1527399563	1188837796	905021934	905021934	
AGAB_24_EKDL210009123-1a-AK19137-AK23734_HTVH3DSX2_L3	AGAB	12467728	1870159200	1550011839	1201479126	888581544	888581544	
LILL_09_EKDL210009123-1a-AK23707-AK23708_HTVH3DSX2_L3	LILL	12872572	1930885800	1514863864	1166546652	838645484	838645484	
KALV_10_EKDL210009123-1a-AK19117-AK23768_HTVH3DSX2_L3	KALV	9601468	    1440220200	1152868668	895155991	646964816	646964816	
HAFR_19_EKDL200012859-1a-AK11398-AK16264_HNLVYDSXY_L1	HAFR	13553056	2032958400	1781530916	1404135314	1054371399	1054371399	
HAUG_11_EKDL210004788-1a-AK11384-AK16224_HHJYYDSX2_L1	HAUG	12281676	1842251400	1633980614	1268311234	956057937	956057937	
HAFR_01_EKDL200012859-1a-AK11714-AK16250_HNLVYDSXY_L1	HAFR	13042656	1956398400	1710091727	1341087757	934713421	934713421	
LANG_13_EKDL210007863-1a-AK23711-AK23712_HLNT5DSX2_L2	LANG	12261734	1839260100	1573452568	1230146217	938293031	938293031	
CRES_04_EKDL210009123-1a-AK19138-AK23746_HTVH3DSX2_L3	CRES	13056692	1958503800	1600673107	1223247033	842811187	842811187	
BOVA_05_EKDL210004789-1a-AK11416-AK16269_HHJYYDSX2_L2	BOVA	12523026	1878453900	1544657503	1198738210	939754453	939754453	
COLN_20_EKDL210009123-1a-AK19009-AK23697_HTVH3DSX2_L3	COLN	13157448	1973617200	1605957924	1244534576	925792379	925792379	
BARR_09_EKDL210004790-1a-AK11677-AK5989_HHJYYDSX2_L3	BARR	12452144	1867821600	1643295297	1271554733	948079287	948079287	
CRES_02_EKDL210004789-1a-AK11698-AK16226_HHJYYDSX2_L2	CRES	12908724	1936308600	1735754303	1360946026	1024793360	1024793360	
GASO_18_EKDL210009122-1a-AK18628-AK31201_HTVH3DSX2_L3	GASO	12892032	1933804800	1554573371	1205814127	904464771	904464771	
INNE_10_EKDL210004789-1a-AK11582-AK8205_HHJYYDSX2_L2	INNE	13052682	1957902300	1681869554	1300732784	1023384181	1023384181	
BUNN_07_EKDL210007863-1a-AK23722-AK23723_HLNT5DSX2_L2	BUNN	12499568	1874935200	1591332598	1249128315	927447084	927447084	
BOVA_01_EKDL200012859-1a-AK11177-AK16280_HNLVYDSXY_L1	BOVA	14212080	2131812000	1795747871	1385603505	1083541668	1083541668	
HFJO_01_EKDL200012859-1a-AK11471-AK16271_HNLVYDSXY_L1	HFJO	10882580	1632387000	1324484667	1023747173	670475446	670475446	
GASO_10_EKDL210009122-1a-AK31220-AK31221_HTVH3DSX2_L3	GASO	13525662	2028849300	1683890998	1305781679	1011944329	1011944329	
GREV_04_EKDL210004790-1a-AK11598-AK16273_HHJYYDSX2_L3	GREV	12634318	1895147700	1623302028	1283718510	1007538016	1007538016	
GREV_08_EKDL210005548-1a-AK11186-AK1268_HHJKNDSX2_L4	GREV	13271708	1990756200	1713789991	1334147320	1054694567	1054694567	
CRES_10_EKDL210004790-1a-AK11178-AK16246_HHJYYDSX2_L3	CRES	13050278	1957541700	1753275708	1362328460	974670725	974670725	
GASO_16_EKDL210004788-1a-AK4251-AK16229_HHJYYDSX2_L1	GASO	13274706	1991205900	1765427533	1391088107	1086731650	1086731650	
HAFR_11_EKDL210004790-1a-AK11718-AK16243_HHJYYDSX2_L3	HAFR	12662798	1899419700	1705409699	1335583061	994565832	994565832	
LANG_10_EKDL210005548-1a-AK11497-AK9485_HHJKNDSX2_L4	LANG	12113806	1817070900	1641032777	1298131772	1066183231	1066183231	
DOLV_02_EKDL210009122-1a-AK31218-AK31219_HTVH3DSX2_L3	DOLV	13337324	2000598600	1610607935	1244034268	952106576	952106576	
BOVA_02_EKDL210009123-1a-AK27221-AK31193_HTVH3DSX2_L3	BOVA	13567294	2035094100	1645837545	1274449139	925372791	925372791	
HYPP_07_EKDL210007863-1a-AK19015-AK23761_HLNT5DSX2_L2	HYPP	12812102	1921815300	1599757173	1244577500	940856816	940856816	
LANG_20_EKDL210004788-1a-AK11683-AK16236_HHJYYDSX2_L1	LANG	12669098	1900364700	1680292549	1328504869	1015232089	1015232089	
BUNN_05_EKDL210009123-1a-AK23704-AK22953_HTVH3DSX2_L3	BUNN	14130358	2119553700	1716839377	1330651095	967376886	967376886	
BARR_13_EKDL200012859-1a-AK7415-AK16289_HNLVYDSXY_L1	BARR	14554356	2183153400	1937553654	1530035437	1128295266	1128295266	
HALS_07_EKDL210007862-1a-AK16211-AK16212_HLNT5DSX2_L2	HALS	13071496	1960724400	1671154503	1304453391	976285709	976285709	
LANG_09_EKDL210004789-1a-AK7415-AK16289_HHJYYDSX2_L2	LANG	13003098	1950464700	1734314286	1346443244	1003589525	1003589525	
HYPP_12_EKDL210007863-1a-AK23766-AK23767_HLNT5DSX2_L2	HYPP	14052368	2107855200	1704622338	1317804091	978565530	978565530	
COLN_13_EKDL210004790-1a-AK11584-AK16263_HHJYYDSX2_L3	COLN	13741464	2061219600	1812903632	1407530525	1047996584	1047996584	
LOGS_19_EKDL210007862-1a-AK19222-AK19679_HLNT5DSX2_L2	LOGS	22949576	3442436400	2919056035	2302289679	1796039542	1796039542	
INNE_11_EKDL200012859-1a-AK11593-AK16256_HNLVYDSXY_L1	INNE	14259020	2138853000	1804359998	1409203554	1045841972	1045841972	
GREV_13_EKDL210005548-1a-AK11195-AK16227_HHJKNDSX2_L4	GREV	13085580	1962837000	1720099526	1335832211	1017668562	1017668562	
INNE_20_EKDL200012859-1a-AK11384-AK16224_HNLVYDSXY_L1	INNE	10544328	1581649200	1366304729	1076867726	851963641	851963641	
HFJO_17_EKDL210005548-1a-AK11718-AK16243_HHJKNDSX2_L4	HFJO	12739320	1910898000	1694960577	1336620630	1070076587	1070076587	
DOLV_19_EKDL210009122-1a-AK18985-AK31160_HTVH3DSX2_L3	DOLV	14005676	2100851400	1680968224	1295503141	923728829	923728829	
KALV_03_EKDL210007862-1a-AK16181-AK16182_HLNT5DSX2_L2	KALV	10591298	1588694700	1264461064	978907972	726611862	726611862	
KALV_08_EKDL210009123-1a-AK27212-AK34199_HTVH3DSX2_L3	KALV	10302310	1545346500	1266418008	976990299	745630529	745630529	
LANG_07_EKDL210005548-1a-AK11486-AK16237_HHJKNDSX2_L4	LANG	13022146	1953321900	1678852104	1323154520	1036059963	1036059963	
HAFR_02_EKDL210007863-1a-AK19152-AK23701_HLNT5DSX2_L2	HAFR	14050280	2107542000	1732099834	1333361973	911793700	911793700	
INNE_04_EKDL210005548-1a-AK11698-AK16226_HHJKNDSX2_L4	INNE	13924226	2088633900	1799635670	1417516404	1107933063	1107933063	
GREV_16_EKDL210004788-1a-AK11661-AK16241_HHJYYDSX2_L1	GREV	13721720	2058258000	1749523634	1364169046	1069501093	1069501093	
HFJO_11_EKDL210004789-1a-AK11631-AK349_HHJYYDSX2_L2	    HFJO	13381164	2007174600	1761458232	1378580469	1088237600	1088237600	
DOLV_17_EKDL210009122-1a-AK19205-AK31181_HTVH3DSX2_L3	DOLV	13858840	2078826000	1702298829	1326417395	1015254815	1015254815	
KALV_18_EKDL210004788-1a-AK11584-AK16263_HHJYYDSX2_L1	KALV	10815814	1622372100	1379981851	1069201469	795452441	795452441	
AGAB_04_EKDL210004789-1a-AK11677-AK5989_HHJYYDSX2_L2	AGAB	12407206	1861080900	1524748491	1183664781	952435925	952435925	
HAFR_15_EKDL210004789-1a-AK11526-AK16296_HHJYYDSX2_L2	HAFR	13597270	2039590500	1792163770	1401928266	1068446209	1068446209	
BUNN_09_EKDL210007863-1a-AK18636-AK23725_HLNT5DSX2_L2	BUNN	14112090	2116813500	1718435380	1323497276	1011984997	1011984997	
CORS_03_EKDL210007863-1a-AK19131-AK23741_HLNT5DSX2_L2	CORS	14661798	2199269700	1744817714	1356734211	1035426774	1035426774	
HAFR_17_EKDL210004788-1a-AK11428-AK16253_HHJYYDSX2_L1	HAFR	13874246	2081136900	1798762451	1397630705	1109081722	1109081722	
GASO_07_EKDL210009122-1a-AK18632-AK31226_HTVH3DSX2_L3	GASO	15508268	2326240200	1815928902	1392156258	956985998	956985998	
HFJO_19_EKDL210009123-1a-AK23758-AK23759_HTVH3DSX2_L3	HFJO	14378388	2156758200	1718917822	1319852066	940449259	940449259	
HAFR_08_EKDL210004789-1a-AK11675-AK16223_HHJYYDSX2_L2	HAFR	13970412	2095561800	1717559083	1317255156	1033659880	1033659880	
KALV_02_EKDL210009123-1a-AK18634-AK31196_HTVH3DSX2_L3	KALV	10758990	1613848500	1331409285	1036315171	783857376	783857376	
GREV_11_EKDL200012859-1a-AK11490-AK14430_HNLVYDSXY_L1	GREV	15335002	2300250300	2041711854	1601607027	1256622018	1256622018	
LILL_16_EKDL210004789-1a-AK11467-AK14066_HHJYYDSX2_L2	LILL	13831508	2074726200	1819739695	1431558511	1143301762	1143301762	
HAUG_08_EKDL210004789-1a-AK12626-AK16295_HHJYYDSX2_L2	HAUG	14125334	2118800100	1867036166	1455482655	1019121069	1019121069	
KLEV_06_EKDL210005548-1a-AK11177-AK16280_HHJKNDSX2_L4	KLEV	13642030	2046304500	1796413637	1416886701	1123448567	1123448567	
HAUG_06_EKDL210004788-1a-AK11485-AK16252_HHJYYDSX2_L1	HAUG	14550578	2182586700	1942299704	1531970118	1170643266	1170643266	
CORS_07_EKDL210007863-1a-AK19095-AK23744_HLNT5DSX2_L2	CORS	14615536	2192330400	1883512608	1471936340	1102820842	1102820842	
HAUG_03_EKDL210004789-1a-AK11398-AK16264_HHJYYDSX2_L2	HAUG	15099206	2264880900	1882564376	1467112237	1131290042	1131290042	
HYPP_03_EKDL210007863-1a-AK27209-AK34210_HLNT5DSX2_L2	HYPP	15535494	2330324100	1864577820	1439097627	1020101764	1020101764	
BARR_12_EKDL200012859-1a-AK11460-AK16272_HNLVYDSXY_L1	BARR	16347934	2452190100	2011319028	1543665181	1038996894	1038996894	
GASO_04_EKDL210004789-1a-AK7016-AK16255_HHJYYDSX2_L2	GASO	14934480	2240172000	1946567540	1531324833	1204887251	1204887251	
CRES_13_EKDL210004790-1a-AK11398-AK16264_HHJYYDSX2_L3	CRES	14328628	2149294200	1929852336	1516024430	1149133249	1149133249	
HAFR_23_EKDL200012859-1a-AK11416-AK16269_HNLVYDSXY_L1	HAFR	15297200	2294580000	2002778608	1563294648	1179982647	1179982647	
Lurida_01_EKDL210004788-1a-AK11677-AK5989_HHJYYDSX2_L1	Lurida	25763326	3864498900	3394244222	421808303	285700024	285700024	
HALS_11_EKDL210009123-1a-AK18993-AK23693_HTVH3DSX2_L3	HALS	14622348	2193352200	1835176426	1411051472	1067909862	1067909862	
LANG_08_EKDL210007863-1a-AK23709-AK23710_HLNT5DSX2_L2	LANG	14519182	2177877300	1839240924	1440572969	1096651683	1096651683	
AGAB_14_EKDL200012859-1a-AK12637-AK16268_HNLVYDSXY_L1	AGAB	14015702	2102355300	1808216862	1409427865	1060971270	1060971270	
CLEW_03_EKDL210007862-1a-AK15924-AK18825_HLNT5DSX2_L2	CLEW	14767452	2215117800	1888442016	1471017771	1032844785	1032844785	
HYPP_01_EKDL210007863-1a-AK19167-AK31197_HLNT5DSX2_L2	HYPP	14963860	2244579000	1874078249	1454804735	1075594155	1075594155	
GASO_12_EKDL210004790-1a-AK11630-AK16248_HHJYYDSX2_L3	GASO	14289096	2143364400	1935341591	1528035902	1220956023	1220956023	
BARR_07_EKDL210004788-1a-AK11160-AK9453_HHJYYDSX2_L1	BARR	15515206	2327280900	1996762022	1558894399	1193170231	1193170231	
KLEV_10_EKDL210004790-1a-AK11381-AK16293_HHJYYDSX2_L3	KLEV	14195744	2129361600	1883800172	1485007365	1198424390	1198424390	
GASO_13_EKDL210004788-1a-AK11600-AK6934_HHJYYDSX2_L1	GASO	15977642	2396646300	2015010734	1571069728	1011547955	1011547955	
HAUG_07_EKDL210004788-1a-AK11158-AK16267_HHJYYDSX2_L1	HAUG	14959362	2243904300	1937742064	1515897982	1130093206	1130093206	
AGAB_02_EKDL210009123-1a-AK19007-AK23732_HTVH3DSX2_L3	AGAB	16141000	2421150000	1909279273	1473415268	1027397958	1027397958	
AGAB_15_EKDL210004788-1a-AK11416-AK16269_HHJYYDSX2_L1	AGAB	15657390	2348608500	1991123204	1549376983	1192023886	1192023886	
GASO_08_EKDL210004789-1a-AK12637-AK16268_HHJYYDSX2_L2	GASO	14466530	2169979500	1937243941	1511725368	1199536104	1199536104	
HAFR_10_EKDL210004789-1a-AK11683-AK16236_HHJYYDSX2_L2	HAFR	14465362	2169804300	1847285336	1454606331	1171527795	1171527795	
HALS_08_EKDL210007862-1a-AK19027-AK19676_HLNT5DSX2_L2	HALS	14866470	2229970500	1902206583	1488320929	1107000357	1107000357	
LOGS_01_EKDL210005548-1a-AK12629-AK16244_HHJKNDSX2_L4	LOGS	16233720	2435058000	1992364055	1550172066	961758394	961758394	
FURI_02_EKDL210004789-1a-AK11520-AK16285_HHJYYDSX2_L2	FURI	14868842	2230326300	1983307953	1572464704	1247010716	1247010716	
INNE_13_EKDL210009123-1a-AK18636-AK23725_HTVH3DSX2_L3	INNE	15811878	2371781700	1991151398	1552408901	1185276849	1185276849	
KLEV_04_EKDL210007862-1a-AK18645-AK19678_HLNT5DSX2_L2	KLEV	11207416	1681112400	1453657544	1135046886	874980929	874980929	
INNE_08_EKDL200012859-1a-AK11665-AK16278_HNLVYDSXY_L1	INNE	15596800	2339520000	2046454213	1598465746	1193701512	1193701512	
HFJO_14_EKDL210005548-1a-AK11615-AK16297_HHJKNDSX2_L4	HFJO	14375648	2156347200	1926303852	1523124917	1230158056	1230158056	
BOVA_09_EKDL210009123-1a-AK23715-AK23716_HTVH3DSX2_L3	BOVA	15835508	2375326200	1916994956	1488599353	1081787700	1081787700	
COLN_07_EKDL210009122-1a-AK19208-AK31190_HTVH3DSX2_L3	COLN	15247690	2287153500	1900183618	1480182682	1103733756	1103733756	
BOVA_07_EKDL210005548-1a-AK7685-AK16294_HHJKNDSX2_L4	BOVA	15560068	2334010200	2036838944	1611220251	1309598894	1309598894	
FURI_05_EKDL210007862-1a-AK16187-AK16188_HLNT5DSX2_L2	FURI	15594842	2339226300	1876581325	1457319753	1148738386	1148738386	
BUNN_16_EKDL210007863-1a-AK19147-AK23730_HLNT5DSX2_L2	BUNN	15937818	2390672700	1936779600	1499782719	1132045486	1132045486	
LOGS_08_EKDL210004790-1a-AK11640-AK16265_HHJYYDSX2_L3	LOGS	14778506	2216775900	1991062155	1579717688	1233631209	1233631209	
BUNN_10_EKDL210007863-1a-AK19054-AK23703_HLNT5DSX2_L2	BUNN	15514216	2327132400	1968026432	1530380023	1122709344	1122709344	
GREV_14_EKDL210007863-1a-AK19099-AK34207_HLNT5DSX2_L2	GREV	16671256	2500688400	2065501936	1581084433	1093331904	1093331904	
HAUG_10_EKDL210009123-1a-AK19072-AK23726_HTVH3DSX2_L3	HAUG	15825800	2373870000	1884431426	1453485464	1038523712	1038523712	
GREV_06_EKDL210005548-1a-AK11640-AK16265_HHJKNDSX2_L4	GREV	15162688	2274403200	2018616929	1561320597	1183278151	1183278151	
HYPP_11_EKDL210007863-1a-AK19150-AK23765_HLNT5DSX2_L2	HYPP	15734194	2360129100	2004467684	1571826317	1132307802	1132307802	
BOVA_04_EKDL210004790-1a-AK11608-AK2002_HHJYYDSX2_L3	BOVA	15872764	2380914600	2150778087	1691980100	1245608328	1245608328	
INNE_01_EKDL210004790-1a-AK11208-AK16233_HHJYYDSX2_L3	INNE	15672064	2350809600	2092577954	1660107283	1291832738	1291832738	
LANG_18_EKDL210005548-1a-AK11710-AK16288_HHJKNDSX2_L4	LANG	14532140	2179821000	1950482518	1538629148	1212045884	1212045884	
BUNN_19_EKDL210007863-1a-AK18642-AK23733_HLNT5DSX2_L2	BUNN	15422790	2313418500	1950719016	1527134485	1194933517	1194933517	
HYPP_15_EKDL210007863-1a-AK19156-AK34201_HLNT5DSX2_L2	HYPP	16423990	2463598500	2042647442	1580542955	1151381551	1151381551	
HFJO_09_EKDL210004790-1a-AK11379-AK16266_HHJYYDSX2_L3	HFJO	15868268	2380240200	2116766169	1670989466	1308006728	1308006728	
HAUG_18_EKDL210005548-1a-AK11471-AK16271_HHJKNDSX2_L4	HAUG	14968056	2245208400	1982189567	1565047934	1222420554	1222420554	
BARR_02_EKDL210004789-1a-AK11506-AK16290_HHJYYDSX2_L2	BARR	15542576	2331386400	2088496353	1633684150	1245138032	1245138032	
HAFR_06_EKDL210007863-1a-AK18986-AK34202_HLNT5DSX2_L2	HAFR	16176846	2426526900	2091564820	1630734480	1237301922	1237301922	
BARR_01_EKDL210005548-1a-AK11598-AK16273_HHJKNDSX2_L4	BARR	15213948	2282092200	2044615052	1619948858	1301659621	1301659621	
LANG_15_EKDL210004790-1a-AK11674-AK2690_HHJYYDSX2_L3	LANG	14957210	2243581500	2015421334	1584477532	1216657607	1216657607	
BOVA_08_EKDL210004789-1a-AK11401-AK7949_HHJYYDSX2_L2	BOVA	15683018	2352452700	1984479415	1554072432	1253194247	1253194247	
CLEW_05_EKDL210007862-1a-AK19084-AK19669_HLNT5DSX2_L2	CLEW	16472940	2470941000	2029588949	1580506404	1067995937	1067995937	
LILL_15_EKDL210004790-1a-AK10139-AK9682_HHJYYDSX2_L3	LILL	15324408	2298661200	2040697884	1599733799	1256668913	1256668913	
CORS_08_EKDL210005548-1a-AK11495-AK16238_HHJKNDSX2_L4	CORS	15053090	2257963500	1955337240	1540807374	1235002784	1235002784	
LILL_12_EKDL210004789-1a-AK11186-AK1268_HHJYYDSX2_L2	LILL	16441170	2466175500	1999825007	1553564132	1212681552	1212681552	
GREV_15_EKDL210004790-1a-AK12626-AK16295_HHJYYDSX2_L3	GREV	15536140	2330421000	2093383635	1649845295	1269108408	1269108408	
HFJO_16_EKDL210009123-1a-AK23756-AK23757_HTVH3DSX2_L3	HFJO	16196432	2429464800	1969633675	1529776443	1102572589	1102572589	
HAFR_04_EKDL210004790-1a-AK11436-AK16240_HHJYYDSX2_L3	HAFR	15681464	2352219600	2120848094	1675372004	1292760359	1292760359	
HFJO_18_EKDL210005548-1a-AK11190-AK16270_HHJKNDSX2_L4	HFJO	16160446	2424066900	2167565905	1713158305	1366664075	1366664075	
LANG_17_EKDL210004789-1a-AK11171-AK16279_HHJYYDSX2_L2	LANG	15826476	2373971400	2161622294	1694039723	1292101789	1292101789	
HAUG_01_EKDL210004790-1a-AK11615-AK16297_HHJYYDSX2_L3	HAUG	15568814	2335322100	2085761453	1654525781	1253769465	1253769465	
AGAB_20_EKDL210005548-1a-AK11178-AK16246_HHJKNDSX2_L4	AGAB	16513888	2477083200	2225447614	1767882833	1438732345	1438732345	
HALS_06_EKDL210007862-1a-AK16195-AK16196_HLNT5DSX2_L2	HALS	17447820	2617173000	2172744189	1684651940	1133418999	1133418999	
LOGS_21_EKDL210007862-1a-AK16169-AK16170_HLNT5DSX2_L2	LOGS	18613850	2792077500	2343884219	1829141955	1396860407	1396860407
HAFR_05_EKDL210007863-1a-AK19109-AK31194_HLNT5DSX2_L2	HAFR	16896914	2534537100	2109915262	1642806357	1099314999	1099314999	
COLN_12_EKDL210009122-1a-AK31169-AK31170_HTVH3DSX2_L3	COLN	16400440	2460066000	2100834574	1637810528	1266319300	1266319300	
INNE_17_EKDL200012859-1a-AK11591-AK16275_HNLVYDSXY_L1	INNE	13166730	1975009500	1698469106	1321441252	1043057986	1043057986	
BOVA_14_EKDL210004788-1a-AK11387-AK16228_HHJYYDSX2_L1	BOVA	16494628	2474194200	2196902466	1707446110	1163252976	1163252976	
COLN_01_EKDL210004789-1a-AK11204-AK16254_HHJYYDSX2_L2	COLN	16594644	2489196600	2159175279	1694655060	1297265270	1297265270	
KALV_06_EKDL210005548-1a-AK2372-AK16292_HHJKNDSX2_L4	KALV	11992166	1798824900	1634356286	1286037804	1029671903	1029671903	
HALS_15_EKDL210007862-1a-AK19102-AK18815_HLNT5DSX2_L2	HALS	17298912	2594836800	2244168552	1754017016	1214853338	1214853338	
COLN_09_EKDL210004788-1a-AK11440-AK16251_HHJYYDSX2_L1	COLN	17374548	2606182200	2299326205	1796616841	1382104879	1382104879	
INNE_02_EKDL210004790-1a-AK11190-AK16270_HHJYYDSX2	    INNE	16574444	2486166600	2170418466	1691239263	1342334942	1342334942	
HFJO_12_EKDL210005548-1a-AK11208-AK16233_HHJKNDSX2_L4	HFJO	16810558	2521583700	2184301827	1725318410	1412783633	1412783633	
AGAB_03_EKDL210004790-1a-AK11377-AK16262_HHJYYDSX2_L3	AGAB	13924630	2088694500	1778295525	1394411615	1129519932	1129519932	
CLEW_10_EKDL210007862-1a-AK15918-AK19682_HLNT5DSX2_L2	CLEW	17306964	2596044600	2277849443	1783560426	1192150987	1192150987	
LANG_06_EKDL210005548-1a-AK11164-AK16239_HHJKNDSX2_L4	LANG	16424710	2463706500	2096142311	1653102345	1297454780	1297454780	
GREV_17_EKDL210005548-1a-AK11490-AK14430_HHJKNDSX2_L4	GREV	16914520	2537178000	2201805540	1742696387	1423983756	1423983756	
BOVA_06_EKDL210004789-1a-AK11572-AK16283_HHJYYDSX2_L2	BOVA	16933446	2540016900	2126782982	1653667381	1273434591	1273434591	
KALV_05_EKDL210005548-1a-AK11168-AK16259_HHJKNDSX2_L4	KALV	12317356	1847603400	1632487063	1289180505	1012297041	1012297041	
HAUG_09_EKDL200012859-1a-AK11186-AK1268_HNLVYDSXY_L1	HAUG	18873794	2831069100	2375701480	1870493840	1374272272	1374272272	
GASO_09_EKDL210004790-1a-AK11683-AK16236_HHJYYDSX2_L3	GASO	16400238	2460035700	2195897125	1735820613	1398467100	1398467100	
KALV_11_EKDL210004790-1a-AK717-5UDI1548_HHJYYDSX2_L3	KALV	12433498	1865024700	1660237297	1304994323	1027020663	1027020663	
FURI_06_EKDL210004789-1a-AK11160-AK9453_HHJYYDSX2_L2	FURI	16726300	2508945000	2169749017	1693388404	1341076618	1341076618	
HALS_03_EKDL210007862-1a-AK19184-AK18843_HLNT5DSX2_L2	HALS	17849972	2677495800	2253937538	1759193313	1344091438	1344091438	
CLEW_02_EKDL210007862-1a-AK19291-AK18809_HLNT5DSX2_L2	CLEW	16978806	2546820900	2239345843	1733536091	1224845956	1224845956	
HAUG_20_EKDL210009123-1a-AK19103-AK23729_HTVH3DSX2_L3	HAUG	17392090	2608813500	2164409509	1675792286	1156368955	1156368955	
HYPP_05_EKDL210007863-1a-AK23758-AK23759_HLNT5DSX2_L2	HYPP	17149418	2572412700	2157180834	1669524136	1241902670	1241902670	
FURI_10_EKDL210007862-1a-AK16203-AK16204_HLNT5DSX2_L2	FURI	18163870	2724580500	2189962342	1711124080	1326872640	1326872640	
LILL_19_EKDL210009123-1a-AK19136-AK23714_HTVH3DSX2_L3	LILL	17026338	2553950700	2110778668	1637713638	1236190875	1236190875	
INNE_09_EKDL210004788-1a-AK11726-AK16225_HHJYYDSX2_L1	INNE	17043198	2556479700	2298331533	1797530241	1267991036	1267991036	
LOGS_16_EKDL210007862-1a-AK16201-AK16202_HLNT5DSX2_L2	LOGS	16874752	2531212800	2089629245	1641200035	1272399953	1272399953	
HFJO_08_EKDL210005548-1a-AK11519-AK16232_HHJKNDSX2_L4	HFJO	16514626	2477193900	2155578678	1702330689	1436659946	1436659946	
GREV_03_EKDL210004788-1a-AK11631-AK349_HHJYYDSX2_L1	GREV	17097616	2564642400	2291898982	1800939902	1403321791	1403321791	
KALV_21_EKDL210004788-1a-AK11195-AK16227_HHJYYDSX2_L1	KALV	12815060	1922259000	1720373560	1363290580	1005810990	1005810990	
HAFR_13_EKDL210007863-1a-AK19133-AK18842_HLNT5DSX2_L2	HAFR	18353064	2752959600	2321697723	1793072884	1296636936	1296636936	
HYPP_04_EKDL210007863-1a-AK23756-AK23757_HLNT5DSX2_L2	HYPP	16756068	2513410200	2175777586	1709042126	1256904693	1256904693	
KLEV_07_EKDL210007863-1a-AK23727-AK23728_HLNT5DSX2_L2	KLEV	17401072	2610160800	2222969079	1723587529	1238588583	1238588583	
HVAD_01_EKDL210009122-1a-AK27198-AK18840_HTVH3DSX2_L3	HVAD	18492182	2773827300	2279809930	1762321653	1375533193	1375533193	
AGAB_05_EKDL210004789-1a-AK11659-AK16242_HHJYYDSX2_L2	AGAB	18338138	2750720700	2284322806	1781796784	1412332626	1412332626	
HYPP_06_EKDL210007863-1a-AK19070-AK23760_HLNT5DSX2_L2	HYPP	18622336	2793350400	2330473527	1819582832	1350672401	1350672401	
KALV_13_EKDL210005548-1a-AK7415-AK16289_HHJKNDSX2_L4	KALV	13328330	1999249500	1785438917	1402653592	1092123869	1092123869	
GREV_07_EKDL200012859-1a-AK11381-AK16293_HNLVYDSXY_L1	GREV	18372574	2755886100	2416714612	1893510939	1452754408	1452754408	
HAUG_12_EKDL210004789-1a-AK11473-AK16281_HHJYYDSX2_L2	HAUG	18544458	2781668700	2455551274	1920059659	1415746311	1415746311	
AGAB_06_EKDL200012859-1a-AK11456-AK16260_HNLVYDSXY_L1	AGAB	16860214	2529032100	2188733668	1705392150	1230061235	1230061235	
LANG_12_EKDL210004788-1a-AK11200-AK15590_HHJYYDSX2_L1	LANG	17864872	2679730800	2338827825	1845085220	1330656201	1330656201	
KALV_20_EKDL210004790-1a-AK11653-AK16291_HHJYYDSX2_L3	KALV	13225598	1983839700	1732391087	1374054393	1079847663	1079847663	
LILL_18_EKDL210009123-1a-AK19032-AK23713_HTVH3DSX2_L3	LILL	18335728	2750359200	2225571322	1720941462	1253329864	1253329864	
HYPP_02_EKDL210007863-1a-AK19040-AK34209_HLNT5DSX2_L2	HYPP	17678338	2651750700	2233179196	1733454445	1225594985	1225594985	
GASO_05_EKDL210004788-1a-AK10139-AK9682_HHJYYDSX2_L1	GASO	18094426	2714163900	2300110256	1802554030	1336361973	1336361973	
LOGS_09_EKDL210007862-1a-AK19268-AK18835_HLNT5DSX2_L2	LOGS	18775574	2816336100	2437855041	1909487875	1391735864	1391735864	
BARR_06_EKDL210005548-1a-AK11456-AK16260_HHJKNDSX2_L4	BARR	17608100	2641215000	2331767987	1832465723	1488864746	1488864746	
LOGS_07_EKDL210004790-1a-GG04-AK5420_HHJYYDSX2_L3	    LOGS	13466324	2019948600	1818756650	1445648021	1090631940	1090631940	
FURI_04_EKDL210007862-1a-AK16171-AK16172_HLNT5DSX2_L2	FURI	20131316	3019697400	2412160834	1874739533	1331289279	1331289279	
HAUG_24_EKDL210009123-1a-AK19147-AK23730_HTVH3DSX2_L3	HAUG	19698062	2954709300	2370241916	1846475070	1345480839	1345480839	
AGAB_01_EKDL210009123-1a-AK19113-AK23731_HTVH3DSX2_L3	AGAB	16188926	2428338900	1988458107	1540719416	1129573325	1129573325	
BUNN_14_EKDL210007863-1a-AK18989-AK33821_HLNT5DSX2_L2	BUNN	19621308	2943196200	2394496678	1881016609	1478951131	1478951131	
COLN_04_EKDL210004789-1a-AK11665-AK16278_HHJYYDSX2_L2	COLN	18218554	2732783100	2430138006	1911293784	1509862605	1509862605	
LOGS_05_EKDL210004790-1a-AK11726-AK16225_HHJYYDSX2_L3	LOGS	17996714	2699507100	2422894091	1919480066	1466502697	1466502697	
LILL_03_EKDL210004789-1a-AK8204-AK9482_HHJYYDSX2_L2	    LILL	14633042	2194956300	1841073665	1427065602	1100117156	1100117156	
HFJO_02_EKDL210009123-1a-AK27209-AK34210_HTVH3DSX2_L3	HFJO	18734038	2810105700	2316585192	1789498693	1412042558	1412042558	
HAFR_25_EKDL200012859-1a-AK11375-AK16261_HNLVYDSXY_L1	HAFR	20085274	3012791100	2619928832	2057497070	1411542490	1411542490	
BUNN_04_EKDL210009123-1a-AK19133-AK18842_HTVH3DSX2_L3	BUNN	19542072	2931310800	2385172446	1849526025	1383516719	1383516719	
KALV_07_EKDL210004789-1a-AK11375-AK16261_HHJYYDSX2_L2	KALV	14129568	2119435200	1869925529	1472633417	1156237239	1156237239	
LILL_04_EKDL200012859-1a-AK11608-AK2002_HNLVYDSXY_L1	LILL	15134798	2270219700	2002271204	1574508583	1177020989	1177020989	
HAUG_14_EKDL210004788-1a-AK11506-AK16290_HHJYYDSX2_L1	HAUG	19053654	2858048100	2453800990	1912479806	1270916303	1270916303	
LILL_11_EKDL210004789-1a-AK11471-AK16271_HHJYYDSX2_L2	LILL	18497540	2774631000	2431621961	1915966487	1493317908	1493317908	
LANG_14_EKDL210004788-1a-AK11433-AK13293_HHJYYDSX2_L1	LANG	18823122	2823468300	2462764704	1915382412	1470682437	1470682437	
LILL_06_EKDL210009123-1a-AK23705-AK23706_HTVH3DSX2_L3	LILL	19487014	2923052100	2369953661	1834350079	1380109534	1380109534	
HAUG_04_EKDL210009123-1a-AK27190-AK34205_HTVH3DSX2_L3	HAUG	19042074	2856311100	2377911996	1853970394	1404677550	1404677550	
GREV_10_EKDL210007863-1a-AK18650-AK23751_HLNT5DSX2_L2	GREV	19670926	2950638900	2490632895	1912381818	1349144926	1349144926	
KLEV_09_EKDL210007863-1a-AK19165-AK34206_HLNT5DSX2_L2	KLEV	19627198	2944079700	2395295840	1843877000	1340473814	1340473814	
LILL_05_EKDL210005548-1a-AK11433-AK13293_HHJKNDSX2_L4	LILL	14451214	2167682100	1883888712	1463581378	1172512708	1172512708	
HAFR_03_EKDL210007863-1a-AK19092-AK23692_HLNT5DSX2_L2	HAFR	20457558	3068633700	2591052719	2017007261	1480492283	1480492283	
CORS_01_EKDL210004788-1a-AK11479-AK16234_HHJYYDSX2_L1	CORS	20038480	3005772000	2696028009	2117188104	1611777017	1611777017	
INNE_03_EKDL210009123-1a-AK23722-AK23723_HTVH3DSX2_L3	INNE	19362748	2904412200	2423717776	1879850686	1382082381	1382082381	
KALV_12_EKDL210005548-1a-AK11464-AK16277_HHJKNDSX2_L4	KALV	14757892	2213683800	1975149609	1549717266	1208975982	1208975982	
KALV_23_EKDL210004789-1a-AK11726-AK16225_HHJYYDSX2_L2	KALV	14893266	2233989900	1968732270	1537666930	1175144803	1175144803	
BARR_08_EKDL210005548-1a-AK11426-AK5939_HHJKNDSX2_L4	BARR	19316644	2897496600	2553693961	2014518403	1633170399	1633170399	
BUNN_11_EKDL210007863-1a-AK18984-AK31192_HLNT5DSX2_L2	BUNN	21315944	3197391600	2679457537	2078152733	1454534370	1454534370	
KALV_16_EKDL210004789-1a-AK11475-AK16282_HHJYYDSX2_L2	KALV	15793624	2369043600	2006146464	1547215107	1203840229	1203840229	
HALS_09_EKDL210007862-1a-AK19257-AK19684_HLNT5DSX2_L2	HALS	21120478	3168071700	2724730514	2125915963	1470414938	1470414938	
LOGS_18_EKDL210004789-1a-AK11685-AK16235_HHJYYDSX2_L2	LOGS	19993910	2999086500	2562735364	2024568858	1596556529	1596556529	
HALS_14_EKDL210007862-1a-AK19088-AK19704_HLNT5DSX2_L2	HALS	20556070	3083410500	2556979544	2004333953	1501203460	1501203460	
INNE_15_EKDL210004789-1a-AK11605-AK16247_HHJYYDSX2_L2	INNE	15410448	2311567200	1949127940	1533895564	1206371939	1206371939	
AGAB_19_EKDL210004789-1a-AK11690-AK16231_HHJYYDSX2_L2	AGAB	20841884	3126282600	2729030414	2131269292	1635609903	1635609903	
HAFR_09_EKDL210007863-1a-AK19003-AK23702_HLNT5DSX2_L2	HAFR	21213480	3182022000	2794208745	2209470530	1676086101	1676086101	
LOGS_10_EKDL210007862-1a-AK19255-AK19666_HLNT5DSX2_L2	LOGS	21596152	3239422800	2673454536	2084778017	1535040496	1535040496	
BARR_11_EKDL210004789-1a-AK11177-AK16280_HHJYYDSX2_L2	BARR	21312064	3196809600	2655603821	2078370188	1607135832	1607135832	
COLN_06_EKDL210004790-1a-AK11428-AK16253_HHJYYDSX2_L3	COLN	20876850	3131527500	2819429312	2227492149	1731303059	1731303059	
AGAB_11_EKDL210004790-1a-AK11471-AK16271_HHJYYDSX2_L3	AGAB	19438838	2915825700	2553142930	2028354499	1605600624	1605600624	
Lurida_05_EKDL210004790-1a-AK11605-AK16247_HHJYYDSX2_L3	Lurida	20870718	3130607700	2722310188	329491114	240271063	240271063
KLEV_01_EKDL210004790-1a-AK4251-AK16229_HHJYYDSX2_L3	KLEV	15842454	2376368100	2132013856	1696209826	1258747068	1258747068	
LILL_02_EKDL210004789-1a-AK11464-AK16277_HHJYYDSX2_L2	LILL	16274626	2441193900	2213092288	1746957102	1285702489	1285702489	
FURI_11_EKDL210004789-1a-AK11485-AK16252_HHJYYDSX2_L2	FURI	21734574	3260186100	2818033177	2208005629	1654978009	1654978009	
KALV_09_EKDL210009123-1a-AK19156-AK34201_HTVH3DSX2_L3	KALV	16686392	2502958800	2033056487	1579071955	1194649424	1194649424	
COLN_03_EKDL210005548-1a-AK11440-AK16251_HHJKNDSX2_L4	COLN	22856140	3428421000	2998036351	2317777944	1672421167	1672421167	
FURI_08_EKDL210004788-1a-AK11375-AK16261_HHJYYDSX2_L1	FURI	21772958	3265943700	2803755268	2215031704	1723444973	1723444973	
LILL_14_EKDL210005548-1a-AK11479-AK16234_HHJKNDSX2_L4	LILL	21159780	3173967000	2797421196	2221223805	1845780560	1845780560	
HAUG_13_EKDL210004789-1a-AK11208-AK16233_HHJYYDSX2_L2	HAUG	22626370	3393955500	2934707474	2261447813	1563973809	1563973809	
LOGS_17_EKDL210007862-1a-AK16217-AK16218_HLNT5DSX2_L2	LOGS	22888570	3433285500	2933255251	2297559164	1684683586	1684683586	
COLN_18_EKDL210009123-1a-AK19076-AK23695_HTVH3DSX2_L3	COLN	22916106	3437415900	2943756888	2298836010	1799074839	1799074839	
LILL_10_EKDL210009123-1a-AK23709-AK23710_HTVH3DSX2_L3	LILL	22955638	3443345700	2778722296	2149934685	1579428954	1579428954	
LILL_17_EKDL210009123-1a-AK23711-AK23712_HTVH3DSX2_L3	LILL	23025606	3453840900	2868407548	2223270601	1642421430	1642421430	
INNE_22_EKDL210009123-1a-AK18984-AK31192_HTVH3DSX2_L3	INNE	16962050	2544307500	2142834767	1676807878	1308823032	1308823032	
Lurida_04_EKDL210007862-1a-AK19077-AK19672_HLNT5DSX2_L2	Lurida	22457286	3368592900	2837510368	332468018	234341097	234341097	
NISS_38_EKDL200012859-1a-AK11528-AK14283_HNLVYDSXY_L1	NISS	5705552	    855832800	634453497	485485162	264261080	264261080	
HALS_02_EKDL210007862-1a-AK19206-AK18829_HLNT5DSX2_L2	HALS	22274294	3341144100	2882835559	2263361162	1714864043	1714864043	
KLEV_08_EKDL210007863-1a-AK19083-AK31191_HLNT5DSX2_L2	KLEV	23480120	3522018000	2926496153	2275473412	1679098604	1679098604	
KALV_19_EKDL210004790-1a-AK11416-AK16269_HHJYYDSX2_L3	KALV	17302094	2595314100	2318434269	1841378049	1438106874	1438106874	
BOVA_03_EKDL210009123-1a-AK18987-AK34204_HTVH3DSX2_L3	BOVA	23520424	3528063600	2899826938	2256274317	1787597908	1787597908	
MOLU_05_EKDL210005548-1a-AK11528-AK14283_HHJKNDSX2_L4	MOLU	5001658	    750248700	652000015	508057503	377285009	377285009	
HALS_04_EKDL210007862-1a-AK19191-AK18808_HLNT5DSX2_L2	HALS	23504422	3525663300	2940478659	2287051429	1713197418	1713197418	
COLN_08_EKDL210004790-1a-AK11433-AK13293_HHJYYDSX2_L3	COLN	24765156	3714773400	3156846669	2455438037	1582026580	1582026580	
LOGS_13_EKDL210004788-1a-AK11603-AK16257_HHJYYDSX2_L1	LOGS	22767482	3415122300	3001115940	2369892907	1828661105	1828661105	
CORS_06_EKDL210004790-1a-AK11464-AK16277_HHJYYDSX2_L3	CORS	24327878	3649181700	3125201546	2419944559	1543077760	1543077760	
GASO_15_EKDL210005548-1a-AK11398-AK16264_HHJKNDSX2_L4	GASO	23183104	3477465600	3104062242	2461967883	2001020527	2001020527	
HALS_12_EKDL210009123-1a-AK18646-AK23694_HTVH3DSX2_L3	HALS	25289802	3793470300	3111777076	2416059959	1854823064	1854823064	
INNE_21_EKDL210004789-1a-AK11714-AK16250_HHJYYDSX2_L2	INNE	18261862	2739279300	2346524230	1845360459	1443423155	1443423155	
LOGS_11_EKDL210004789-1a-AK11381-AK16293_HHJYYDSX2_L2	LOGS	24160666	3624099900	3164470350	2470171669	1723088443	1723088443	
HFJO_10_EKDL210004788-1a-AK11524-AK16276_HHJYYDSX2_L1	HFJO	23788718	3568307700	3122198597	2452403792	1836380007	1836380007	
AGAB_08_EKDL210004788-1a-AK11464-AK16277_HHJYYDSX2_L1	AGAB	24813556	3722033400	3278472141	2566596278	1853480369	1853480369	
BOVA_12_EKDL210004788-1a-AK11608-AK2002_HHJYYDSX2_L1	BOVA	24447246	3667086900	3179572837	2498465580	1892907734	1892907734	
ORNE_15_EKDL210004790-1a-AK11177-AK16280_HHJYYDSX2_L3	ORNE	7112266	    1066839900	779670197	588543034	350130410	350130410	
INNE_06_EKDL210009123-1a-AK19172-AK23724_HTVH3DSX2_L3	INNE	24693112	3703966800	3054311280	2389952783	1755477625	1755477625	
INNE_07_EKDL200012859-1a-AK11178-AK16246_HNLVYDSXY_L1	INNE	27810766	4171614900	3549345006	2783099840	1994246090	1994246090	
KLEV_11_EKDL210004789-1a-AK10139-AK9682_HHJYYDSX2_L2	KLEV	24854326	3728148900	3266155903	2568141147	1898265530	1898265530	
INNE_05_EKDL210004790-1a-AK11593-AK16256_HHJYYDSX2	    INNE	25401820	3810273000	3222373481	2522644946	1683956182	1683956182	
HALS_10_EKDL210007862-1a-AK19278-AK19691_HLNT5DSX2_L2	HALS	25184890	3777733500	3266880833	2554158472	1905130568	1905130568	
ORNE_12_EKDL200012859-1a-AK11475-AK16282_HNLVYDSXY_L1	ORNE	7615664	    1142349600	956092730	731058609	588805150	588805150	
Lurida_08_EKDL210005548-1a-AK11473-AK16281_HHJKNDSX2_L4	Lurida	11454046	1718106900	1540275841	183660568	137530667	137530667	
LANG_19_EKDL210004788-1a-AK11526-AK16296_HHJYYDSX2_L1	LANG	25391818	3808772700	3305262673	2565796918	1824161228	1824161228	
GASO_06_EKDL210004790-1a-AK11631-AK349_HHJYYDSX2_L3	    GASO	25104474	3765671100	3386086359	2672200516	2049994316	2049994316	
HAUG_02_EKDL200012859-1a-AK11433-AK13293_HNLVYDSXY_L1	HAUG	28511224	4276683600	3629740032	2814921773	1888538362	1888538362	
ORIS_06_EKDL210009122-1a-AK19202-AK18625_HTVH3DSX2_L3	ORIS	7414364	    1112154600	888837897	682805281	529723758	529723758	
NELL_22_EKDL210009123-1a-AK18650-AK23751_HTVH3DSX2_L3	NELL	8270340	    1240551000	1007603098	783077037	577736832	577736832	
KLEV_05_EKDL210007863-1a-AK23735-AK23736_HLNT5DSX2_L2	KLEV	19764330	2964649500	2476906307	1922495036	1456090057	1456090057	
LANG_11_EKDL210004788-1a-AK11456-AK16260_HHJYYDSX2_L1	LANG	25956532	3893479800	3490448042	2753822742	2084300628	2084300628	
KLEV_02_EKDL210004790-1a-AK11168-AK16259_HHJYYDSX2_L3	KLEV	19832854	2974928100	2599206203	2045290989	1471723681	1471723681	
HFJO_04_EKDL210007862-1a-AK15912-AK18845_HLNT5DSX2_L2	HFJO	26697994	4004699100	3268642543	2545459025	1981101788	1981101788	
COLN_02_EKDL210004790-1a-AK11479-AK16234_HHJYYDSX2_L3	COLN	26527432	3979114800	3478508692	2723049853	1978482084	1978482084	
ORIS_03_EKDL210009122-1a-AK18657-AK31242_HTVH3DSX2_L3	ORIS	12115432	1817314800	1413149772	176809168	116324974	116324974	
NISS_26_EKDL200012859-1a-AK11473-AK16281_HNLVYDSXY_L1	NISS	8503794	    1275569100	1129248212	882380078	715872263	715872263	
ORIS_02_EKDL210009122-1a-AK31117-AK31118_HTVH3DSX2_L3	ORIS	13336014	2000402100	1617172297	94122298	66058069	66058069	
OSTR_07_EKDL210004789-1a-AK11490-AK14430_HHJYYDSX2_L2	OSTR	13294110	1994116500	1684825792	1319782532	1072785097	1072785097
NISS_27_EKDL210007863-1a-AK34208-AK29626_HLNT5DSX2_L2	NISS	9031084	    1354662600	1029919222	792849015	514554608	514554608	
MOLU_14_EKDL210004788-1a-AK11460-AK16272_HHJYYDSX2_L1	MOLU	8843006	    1326450900	1112331686	859895586	561091508	561091508	
LANG_02_EKDL210004790-1a-AK11661-AK16241_HHJYYDSX2_L3	LANG	25705170	3855775500	3469862396	2753771604	2150308376	2150308376	
MOLU_17_EKDL210004789-1a-AK11158-AK16267_HHJYYDSX2_L2	MOLU	8942510	    1341376500	1167581882	901461937	652263292	652263292	
HAFR_16_EKDL210007863-1a-AK23704-AK22953_HLNT5DSX2_L2	HAFR	28443772	4266565800	3689030366	2896671169	2200383545	2200383545	
AGAB_10_EKDL210004788-1a-GG04-AK5420_HHJYYDSX2_L1	    AGAB	24743124	3711468600	3299927425	2600765412	1873899533	1873899533	
HFJO_13_EKDL210007862-1a-AK19010-AK18831_HLNT5DSX2_L2	HFJO	27402392	4110358800	3558134909	2788452463	2193840557	2193840557	
KLEV_03_EKDL210004789-1a-AK11195-AK16227_HHJYYDSX2_L2	KLEV	20833898	3125084700	2694374791	2114821770	1690190469	1690190469	
MOLU_15_EKDL210004789-1a-GG04-AK5420_HHJYYDSX2_L2	    MOLU	9050736	    1357610400	1229825612	958836879	728814617	728814617	
OSTR_05_EKDL210009122-1a-AK19085-AK31204_HTVH3DSX2_L3	OSTR	9478150	    1421722500	1179133472	914043348	726400805	726400805	
FURI_07_EKDL210004788-1a-AK11710-AK16288_HHJYYDSX2_L1	FURI	28788658	4318298700	3774789032	2992175424	2237559078	2237559078	
ORIS_05_EKDL210009122-1a-AK19049-AK31216_HTVH3DSX2_L3	ORIS	9633578	    1445036700	1180860632	892139689	700404239	700404239	
NISS_49_a_EKDL200012859-1a-AK11615-AK16297_HNLVYDSXY_L1	NISS	10693648	1604047200	1271360408	973664979	604367158	604367158	
NELL_25_EKDL200012859-1a-AK4251-AK16229_HNLVYDSXY_L1	NELL	9053838	    1358075700	1191278683	934902925	730682639	730682639	
NELL_05_EKDL200012859-1a-AK7016-AK16255_HNLVYDSXY_L1	NELL	10814604	1622190600	1371048945	1059773487	785796909	785796909	
Lurida_06_EKDL210004790-1a-AK11426-AK5939_HHJYYDSX2_L3	Lurida	15370700	2305605000	2011499720	236749583	175105348	175105348
LOGS_15_EKDL210004788-1a-AK11436-AK16240_HHJYYDSX2_L1	LOGS	27847280	4177092000	3667741624	2873027789	1979743290	1979743290	
OSTR_01_EKDL210004788-1a-AK11582-AK8205_HHJYYDSX2_L1	OSTR	9614720 	1442208000	1275653075	1007494695	804543924	804543924	
MOLU_06_EKDL200012859-1a-AK11449-AK16245_HNLVYDSXY_L1	MOLU	11079210	1661881500	1442796983	1124086929	779253162	779253162	
NELL_08_EKDL200012859-1a-AK11661-AK16241_HNLVYDSXY_L1	NELL	11596390	1739458500	1436317370	1119445883	867837176	867837176	
GREV_09_EKDL210004790-1a-AK11659-AK16242_HHJYYDSX2_L3	GREV	28404520	4260678000	3733880900	2954515617	2319795873	2319795873	
LOGS_04_EKDL210007862-1a-AK19264-AK18803_HLNT5DSX2_L2	LOGS	28565230	4284784500	3718810407	2918457531	2261188384	2261188384	
HALS_01_EKDL210007862-1a-AK19200-AK18813_HLNT5DSX2_L2	HALS	28610086	4291512900	3722854925	2906621261	2123106269	2123106269	
MOLU_18_EKDL210009123-1a-AK19046-AK23753_HTVH3DSX2_L3	MOLU	11103932	1665589800	1371407252	1053201663	715861403	715861403	
MOLU_16_EKDL210009123-1a-AK19144-AK23752_HTVH3DSX2_L3	MOLU	10587738	1588160700	1253743358	960208137	633214851	633214851	
ORIS_11_EKDL210009122-1a-AK19066-AK31149_HTVH3DSX2_L3	ORIS	10494840	1574226000	1284609516	993003406	744735042	744735042	
HFJO_06_EKDL210005548-1a-AK11714-AK16250_HHJKNDSX2_L4	HFJO	29736204	4460430600	3977395256	3153804378	2458810875	2458810875	
ORIS_12_EKDL210009122-1a-AK31138-AK31139_HTVH3DSX2_L3	ORIS	10899414	1634912100	1341796157	1035698195	853211818	853211818	
KALV_01_EKDL210007862-1a-AK19226-AK19671_HLNT5DSX2_L2	KALV	22705488	3405823200	2800794782	2179556029	1568165097	1568165097	
NISS_04_EKDL200012859-1a-AK11598-AK16273_HNLVYDSXY_L1	NISS	12115704	1817355600	1590993334	1237488673	885724884	885724884	
LANG_01_EKDL210004789-1a-AK11449-AK16245_HHJYYDSX2_L2	LANG	30447842	4567176300	3955057064	3069201666	2108147644	2108147644	
GASO_02_EKDL210004789-1a-AK11692-AK16230_HHJYYDSX2_L2	GASO	28835380	4325307000	3705875732	2872226353	1954840592	1954840592	
OSTR_08_EKDL210007862-1a-AK19187-AK18640_HLNT5DSX2_L2	OSTR	17916976	2687546400	2330832830	1815802747	1425438572 	1425438572
MOLU_25_EKDL200012859-1a-AK11426-AK5939_HNLVYDSXY_L1	MOLU	11831202	1774680300	1537215553	1198288394	878569732	878569732	
INNE_19_EKDL210005548-1a-AK11674-AK2690_HHJKNDSX2_L4	INNE	21907696	3286154400	2923706699	2296281853	1789549858	1789549858	
NISS_05_EKDL210004789-1a-AK2372-AK16292_HHJYYDSX2_L2	NISS	10999918	1649987700	1440967917	1116583649	762172753	762172753	
NISS_12_EKDL200012859-1a-AK2372-AK16292_HNLVYDSXY_L1	NISS	12203656	1830548400	1654203498	1308459474	994279791	994279791	
ORNE_06_EKDL210004789-1a-AK11629-AK16249_HHJYYDSX2_L2	ORNE	12043872	1806580800	1497576453	1173657166	918634540	918634540	
MOLU_07_EKDL210004790-1a-AK11160-AK9453_HHJYYDSX2_L3	MOLU	11294842	1694226300	1491282770	1169733086	867293482	867293482	
NISS_16_EKDL200012859-1a-AK11572-AK16283_HNLVYDSXY_L1	NISS	11990800	1798620000	1544259138	1209460147	926872090	926872090	
NELL_18_EKDL210004789-1a-AK11486-AK16237_HHJYYDSX2_L2	NELL	11793608	1769041200	1455946106	1114670876	917019467	917019467	
NISS_39_EKDL200012859-1a-AK12629-AK16244_HNLVYDSXY_L1	NISS	12035968	1805395200	1530947472	1203155234	851932429	851932429	
CRES_07_EKDL210004789-1a-AK12629-AK16244_HHJYYDSX2_L2	CRES	30891464	4633719600	3989700212	3111742040	2111409487	2111409487	
ORIS_13_EKDL210009122-1a-AK31125-AK31126_HTVH3DSX2_L3	ORIS	11495328	1724299200	1398080116	1086035209	887903459	887903459	
FURI_01_EKDL210007862-1a-AK19254-AK19667_HLNT5DSX2_L2	FURI	32786844	4918026600	3891709769	3043050499	2399255656	2399255656	
ORIS_08_EKDL210009122-1a-AK19053-AK31180_HTVH3DSX2_L3	ORIS	11026712	1654006800	1279333223	982767878	711566094	711566094	
GASO_03_EKDL210004790-1a-AK11519-AK16232_HHJYYDSX2_L3	GASO	29452156	4417823400	3945082941	3117591148	2516490139	2516490139	
NISS_09_EKDL210005548-1a-GG04-AK5420_HHJKNDSX2_L4	    NISS	11641124	1746168600	1519430609	1199610063	928683581	928683581	
NISS_08_EKDL210007862-1a-AK18996-AK19697_HLNT5DSX2_L2	NISS	11696884	1754532600	1504068230	1184614861	894645831	894645831	
BUNN_15_EKDL210007863-1a-AK19103-AK23729_HLNT5DSX2_L2	BUNN	31493386	4724007900	4041507108	3173924772	2285899869	2285899869	
MOLU_19_EKDL210004789-1a-AK11433-AK13293_HHJYYDSX2_L2	MOLU	11717986	1757697900	1583183625	1235379272	918236862	918236862	
NISS_42_EKDL200012859-1a-AK11584-AK16263_HNLVYDSXY_L1	NISS	12232598	1834889700	1636618974	1284594258	942118789	942118789	
Lurida_07_EKDL210004788-1a-AK12629-AK16244_HHJYYDSX2_L1	Lurida	20793046	3118956900	2697737347	335332988	231053137	231053137
MOLU_09_EKDL210009123-1a-AK31851-AK31852_HTVH3DSX2_L3	MOLU	12305996	1845899400	1484126333	1141265295	790552307	790552307	
NELL_09_EKDL210004790-1a-AK11572-AK16283_HHJYYDSX2_L3	NELL	13305078	1995761700	1724082137	1329226859	950586346	950586346	
NISS_32_EKDL200012859-1a-AK11524-AK16276_HNLVYDSXY_L1	NISS	12047534	1807130100	1560279452	1211886437	945932064	945932064	
ORIS_01_EKDL210009122-1a-AK31127-AK31128_HTVH3DSX2_L3	ORIS	13093326	1963998900	1590364130	1227179125	993708164	993708164	
ORIS_15_EKDL210009122-1a-AK31240-AK31241_HTVH3DSX2_L3	ORIS	12136624	1820493600	1510310537	1171124675	931051289	931051289	
NELL_23_EKDL210009123-1a-AK19099-AK34207_HTVH3DSX2_L3	NELL	13618288	2042743200	1674732565	1302624564	1048287928	1048287928	
Lurida_09_EKDL210004788-1a-AK11381-AK16293_HHJYYDSX2_L1	Lurida	20216170	3032425500	2562688987	329657515	230121763	230121763
NISS_07_EKDL210005548-1a-AK11584-AK16263_HHJKNDSX2_L4	NISS	12737642	1910646300	1689009002	1313589518	1013532719	1013532719	
NELL_21_EKDL210009123-1a-AK19011-AK22952_HTVH3DSX2_L3	NELL	14312470	2146870500	1784160702	1382437829	1006495700	1006495700	
NISS_31_EKDL200012859-1a-AK11603-AK16257_HNLVYDSXY_L1	NISS	13373266	2005989900	1774838333	1395521712	1051328516	1051328516	
NISS_06_EKDL210005548-1a-AK11171-AK16279_HHJKNDSX2_L4	NISS	13736466	2060469900	1818455759	1427640536	1050686972	1050686972	
ORIS_09_EKDL210009122-1a-AK31171-AK31172_HTVH3DSX2_L3	ORIS	13300846	1995126900	1558260039	1203173074	940013514	940013514	
TRAL_08_EKDL210007862-1a-AK16177-AK16178_HLNT5DSX2_L2	TRAL	4941312	    741196800	542996315	401021999	241571452	241571452	
MOLU_02_EKDL210004788-1a-AK12626-AK16295_HHJYYDSX2_L1	MOLU	14337388	2150608200	1779155184	1357107753	825689957	825689957	
NELL_14_EKDL210004790-1a-AK11467-AK14066_HHJYYDSX2_L3	NELL	14524656	2178698400	1908288515	1503711600	1208559072	1208559072	
AGAB_12_EKDL210009123-1a-AK18642-AK23733_HTVH3DSX2_L3	AGAB	33229148	4984372200	4201498622	3278894531	2629316635	2629316635	
NISS_10_EKDL210007862-1a-AK15914-AK19705_HLNT5DSX2_L2	NISS	13314578	1997186700	1637771893	1252679653	855588098	855588098	
TRAL_10_EKDL210007862-1a-AK16209-AK16210_HLNT5DSX2_L2	TRAL	4226188	    633928200	525370929	405814569	303201008	303201008	
MOLU_12_EKDL210005548-1a-AK11524-AK16276_HHJKNDSX2_L4	MOLU	12830288	1924543200	1707844014	1338984805	1045773605	1045773605	
NELL_32_EKDL200012859-1a-AK11631-AK349_HNLVYDSXY_L1 	NELL	15963458	2394518700	2109344098	1663797192	1327395277	1327395277	
ORNE_04_EKDL210004789-1a-AK11379-AK16266_HHJYYDSX2_L2	ORNE	13995706	2099355900	1878123166	1470910778	1114212143	1114212143	
ORIS_07_EKDL210009122-1a-AK18647-AK31198_HTVH3DSX2_L3	ORIS	14097392	2114608800	1705169150	1312213555	958108581	958108581	
LOGS_06_EKDL210007862-1a-AK19272-AK18819_HLNT5DSX2_L2	LOGS	25672994	3850949100	3325185943	2616469102	1960924266	1960924266	
SVAL_19_EKDL210005548-1a-AK717-5UDI1548_HHJKNDSX2_L4	SVAL	5385646	    807846900	689347279	544052583	461891941	461891941	
NELL_03_EKDL200012859-1a-AK11190-AK16270_HNLVYDSXY_L1	NELL	15210756	2281613400	1995915703	1575133733	1165398288	1165398288	
ORNE_13_EKDL210004790-1a-AK7685-AK16294_HHJYYDSX2_L3	ORNE	12012242	1801836300	1529812466	1198033537	851441949	851441949	
MOLU_01_EKDL210004788-1a-AK717-5UDI1548_HHJYYDSX2_L1	MOLU	14893206	2233980900	2005706208	1571750299	1160860913	1160860913	
PONT_02_EKDL210009123-1a-AK19083-AK31191_HTVH3DSX2_L3	PONT	6904850	    1035727500	859232520	668905673	518665284	518665284	
ORIS_10_EKDL210009122-1a-AK31158-AK31159_HTVH3DSX2_L3	ORIS	16633874	2495081100	2098375499	1632279948	1285175769	1285175769	
ORIS_14_EKDL210009122-1a-AK31115-AK31116_HTVH3DSX2_L3	ORIS	15484546	2322681900	1907019720	1481365581	1078452940	1078452940	
NISS_21_EKDL200012859-1a-AK11497-AK9485_HNLVYDSXY_L1	NISS	16758306	2513745900	2224459758	1742374123	1272570218	1272570218	
MOLU_11_EKDL210004790-1a-AK11387-AK16228_HHJYYDSX2_L3	MOLU	15462022	2319303300	2076786922	1620109754	1155394921	1155394921	
NELL_10_EKDL210004788-1a-AK11476-AK16258_HHJYYDSX2_L1	NELL	16063778	2409566700	1930937695	1488490983	1194842195	1194842195	
ORNE_07_EKDL210005548-1a-AK11685-AK16235_HHJKNDSX2_L4	ORNE	14262902	2139435300	1895594982	1485735059	1102884555	1102884555	
ZECE_04_EKDL200012859-1a-AK11582-AK8205_HNLVYDSXY_L1	ZECE	5479330 	821899500	712561271	543545154	388276210	388276210	
VENO_08_EKDL200012859-1a-AK11204-AK16254_HNLVYDSXY_L1	VENO	7658736	    1148810400	948588879	726868693	584481823	584481823	
NELL_15_EKDL210007862-1a-AK19039-AK19677_HLNT5DSX2_L2	NELL	15426434	2313965100	1997083771	1558807133	1120303219	1120303219	
MOLU_08_EKDL210004788-1a-AK11171-AK16279_HHJYYDSX2_L1	MOLU	18067456	2710118400	2403418667	1867033882	1284672724	1284672724	
PONT_08_EKDL210004789-1a-AK11603-AK16257_HHJYYDSX2_L2	PONT	8057742	    1208661300	995004022	769657844	613209533	613209533	
ORNE_08_EKDL210007862-1a-AK16183-AK16184_HLNT5DSX2_L2	ORNE	16359388	2453908200	2064237458	1599363930	1096888502	1096888502	
OSTR_02_EKDL210004788-1a-AK11486-AK16237_HHJYYDSX2_L1	OSTR	16611742	2491761300	2244359034	1769435812	1344555795	1344555795	
ZECE_19_EKDL210009123-1a-AK19040-AK34209_HTVH3DSX2_L3	ZECE	6607174	    991076100	813790016	624996204	411982949	411982949	
RAMS_19_EKDL210009122-1a-AK31142-AK31143_HTVH3DSX2_L3	RAMS	8483324	    1272498600	1041685552	810393181	613197085	613197085	
THIS_01_EKDL210009122-1a-AK34084-AK34085_HTVH3DSX2_L3	THIS	7493376	    1124006400	848583119	655314548	494510569	494510569	
RAMS_20_EKDL210009122-1a-AK31132-AK31133_HTVH3DSX2_L3	RAMS	8034268	    1205140200	988142625	765312155	577227639	577227639	
ZECE_18_EKDL210009123-1a-AK19167-AK31197_HTVH3DSX2_L3	ZECE	8226748	    1234012200	1020581054	785819010	558387243	558387243	
TOLL_04_EKDL200012859-1a-AK11674-AK2690_HNLVYDSXY_L1	TOLL	8795482	    1319322300	1145649794	902609333	673721094	673721094	
TRAL_11_EKDL210007862-1a-AK19067-AK19675_HLNT5DSX2_L2	TRAL	8776478	    1316471700	1084939218	828744331	550751912	550751912	
NISS_02_EKDL210004790-1a-AK11629-AK16249_HHJYYDSX2_L3	NISS	16660158	2499023700	2223735702	1719344590	1267290787	1267290787	
WADD_02_EKDL200012859-1a-AK11479-AK16234_HNLVYDSXY_L1	WADD	8675830	    1301374500	1142518490	882032482	726430947	726430947	
SYDK_14_EKDL210004790-1a-AK11667-AK16287_HHJYYDSX2_L3	SYDK	9060162	    1359024300	1126044061	872247371	563024567	563024567	
RIAE_03_EKDL200012859-1a-AK11605-AK16247_HNLVYDSXY_L1	RIAE	9843036	    1476455400	1232983571	947767794	755873223	755873223	
PONT_01_EKDL200012859-1a-AK11506-AK16290_HNLVYDSXY_L1	PONT	9943468	    1491520200	1310679605	1019535143	805942793	805942793	
ORNE_16_EKDL210007862-1a-AK16215-AK16216_HLNT5DSX2_L2	ORNE	18820204	2823030600	2315277308	1805788899	1358192983	1358192983	
SYDK_16_EKDL210009122-1a-AK27189-AK31168_HTVH3DSX2_L3	SYDK	8700722	    1305108300	1004473565	774255627	598582353	598582353	
ORNE_03_EKDL210007862-1a-AK19227-AK18822_HLNT5DSX2_L2	ORNE	17665682	2649852300	2191461030	1709993532	1288278432	1288278432	
RIAE_12_EKDL210009123-1a-AK19131-AK23741_HTVH3DSX2_L3	RIAE	8825832	    1323874800	1031098414	796558976	571773045	571773045	
VADE_03_EKDL210007863-1a-AK23774-AK23775_HLNT5DSX2_L2	VADE	8011018	    1201652700	1037067991	812344186	642271856	642271856	
RYAN_03_EKDL210007862-1a-AK19203-AK19694_HLNT5DSX2_L2	RYAN	8291008	    1243651200	1045430100	811917608	644412845	644412845	
ORNE_05_EKDL210004789-1a-AK11718-AK16243_HHJYYDSX2_L2	ORNE	16741252	2511187800	2237366911	1742334994	1239108111	1239108111	
NELL_13_EKDL210004788-1a-AK8204-AK9482_HHJYYDSX2_L1	    NELL	19019988	2852998200	2286800807	1780806605	1336172597	1336172597	
RIAE_08_EKDL210009123-1a-AK23739-AK23740_HTVH3DSX2_L3	RIAE	9793546	    1469031900	1155825920	890698840	627779198	627779198	
NELL_11_EKDL210004789-1a-AK11630-AK16248_HHJYYDSX2_L2	NELL	20141688	3021253200	2607367878	2013577265	1458437405	1458437405	
RAMS_17_EKDL210009123-1a-AK19056-AK23721_HTVH3DSX2_L3	RAMS	9570342	    1435551300	1095636759	844475632	564217018	564217018	
MOLU_13_EKDL210004788-1a-AK11605-AK16247_HHJYYDSX2_L1	MOLU	19789666	2968449900	2614116189	2037866552	1455156209	1455156209	
RYAN_19_EKDL210007863-1a-AK18987-AK34204_HLNT5DSX2_L2	RYAN	10177222	1526583300	1179265332	866376380	528919702	528919702	
SVAL_06_EKDL200012859-1a-AK11698-AK16226_HNLVYDSXY_L1	SVAL	9744572	    1461685800	1234001117	971865475	765848718	765848718	
ZECE_02_EKDL210004788-1a-AK11667-AK16287_HHJYYDSX2_L1	ZECE	7088228	    1063234200	928903890	715367813	491956316	491956316	
VAGS_14_EKDL210005548-1a-AK11506-AK16290_HHJKNDSX2_L4	VAGS	8532276	    1279841400	1113348329	871058455	640399196	640399196	
ORIS_04_EKDL210009122-1a-AK31228-AK31229_HTVH3DSX2_L3	ORIS	19009776	2851466400	2322161699	1794495940	1336390925	1336390925	
RAMS_18_EKDL210009122-1a-AK31154-AK31155_HTVH3DSX2_L3	RAMS	10616628	1592494200	1282254439	991131183	702098679	702098679	
VADE_02_EKDL210005548-1a-AK11630-AK16248_HHJKNDSX2_L4	VADE	14136712	2120506800	1887540546	50799742	33947617	33947617	
TOLL_14_EKDL210009122-1a-AK31113-AK31114_HTVH3DSX2_L3	TOLL	8636294	    1295444100	1056523203	825282935	636116015	636116015	
SVAL_03_EKDL210009123-1a-AK23770-AK23771_HTVH3DSX2_L3	SVAL	8848216	    1327232400	1049449700	814201465	588862523	588862523	
TRAL_13_EKDL210007862-1a-AK15922-AK19690_HLNT5DSX2_L2	TRAL	10185748	1527862200	1291332861	988487412	705020030	705020030	
NELL_17_EKDL210005548-1a-AK11593-AK16256_HHJKNDSX2_L4	NELL	20075444	3011316600	2664492853	2105627863	1699585042	1699585042	
VAGS_21_EKDL210007863-1a-AK23698-AK23699_HLNT5DSX2_L2	VAGS	10195490	1529323500	1305734186	1020869793	791105971	791105971	
WADD_03_EKDL200012859-1a-AK11630-AK16248_HNLVYDSXY_L1	WADD	9436560	    1415484000	1190707114	926638901	726703340	726703340	
MOLU_04_EKDL210004788-1a-AK11714-AK16250_HHJYYDSX2_L1	MOLU	18667566	2800134900	2487344773	1934524496	1461678216	1461678216	
PONT_06_EKDL200012859-1a-AK11690-AK16231_HNLVYDSXY_L1	PONT	10193818	1529072700	1350498076	1062554120	829135627	829135627	
SYDK_21_EKDL210009123-1a-AK23727-AK23728_HTVH3DSX2_L3	SYDK	11153018	1672952700	1380717178	1067872096	750028027	750028027	
OSTR_03_EKDL210005548-1a-AK11387-AK16228_HHJKNDSX2_L4	OSTR	16899358	2534903700	2219413548	1751827127	1424343272	1424343272	
MOLU_03_EKDL200012859-1a-AK11160-AK9453_HNLVYDSXY_L1	MOLU	20543786	3081567900	2692322265	2106791718	1521299404	1521299404	
VADE_04_EKDL210007863-1a-AK19141-AK23776_HLNT5DSX2_L2	VADE	9462438	    1419365700	1195394774	936777030	709524316	709524316	
VAGS_22_EKDL210007863-1a-AK19057-AK23700_HLNT5DSX2_L2	VAGS	8965022	    1344753300	1140881040	889518036	666388128	666388128	
TOLL_16_EKDL210009122-1a-AK31238-AK31239_HTVH3DSX2_L3	TOLL	9799884	    1469982600	1205379353	940201270	729210828	729210828	
SYDK_12_EKDL210005548-1a-AK11475-AK16282_HHJKNDSX2_L4	SYDK	10026876	1504031400	1332929611	1049193152	841339123	841339123	
RIAE_20_EKDL210009123-1a-AK19068-AK23743_HTVH3DSX2_L3	RIAE	12273448	1841017200	1460251703	1130192477	799715156	799715156	
NISS_03_EKDL210005548-1a-AK11375-AK16261_HHJKNDSX2_L4	NISS	19401116	2910167400	2492065623	1936346499	1413514465	1413514465	
VAGS_18_EKDL210005548-1a-AK11591-AK16275_HHJKNDSX2_L4	VAGS	11364556	1704683400	1479965754	1168356896	927935437	927935437	
THIS_05_EKDL210009122-1a-AK19153-AK31203_HTVH3DSX2_L3	THIS	12147286	1822092900	1416887788	1080684175	813909599	813909599	
TOLL_08_EKDL210004789-1a-AK11200-AK15590_HHJYYDSX2_L2	TOLL	11071782	1660767300	1416810124	1109828642	840383335	840383335	
TOLL_13_EKDL210009122-1a-AK31123-AK31124_HTVH3DSX2_L3	TOLL	10705832	1605874800	1240761411	952724657	666927711	666927711	
SYDK_05_EKDL210007863-1a-AK23739-AK23740_HLNT5DSX2_L2	SYDK	12110162	1816524300	1507083067	1167386628	872867225	872867225	
SVAL_04_EKDL210005548-1a-AK11690-AK16231_HHJKNDSX2_L4	SVAL	11849722	1777458300	1577702910	1244485748	1007441118	1007441118	
PONT_16_EKDL200012859-1a-AK11485-AK16252_HNLVYDSXY_L1	PONT	13628640	2044296000	1706328367	1325642411	978759007	978759007	
SVAL_11_EKDL210004790-1a-AK11692-AK16230_HHJYYDSX2_L3	SVAL	11208200	1681230000	1460141882	1142196904	860775327	860775327	
RIAE_14_EKDL200012859-1a-AK11685-AK16235_HNLVYDSXY_L1	RIAE	13576896	2036534400	1746073326	1361683043	1019260689	1019260689	
TOLL_09_EKDL200012859-1a-AK11168-AK16259_HNLVYDSXY_L1	TOLL	13196924	1979538600	1698744917	1317386125	1004367176	1004367176	
VAGS_03_EKDL210005548-1a-AK11653-AK16291_HHJKNDSX2_L4	VAGS	11720966	1758144900	1553156452	1218717523	967152692	967152692	
TRAL_02_EKDL210007862-1a-AK19283-AK18812_HLNT5DSX2_L2	TRAL	11439956	1715993400	1467389458	1135590508	876909232	876909232	
SYDK_15_EKDL210004789-1a-AK11656-AK574_HHJYYDSX2_L2	    SYDK	10653630	1598044500	1374083955	1067645137	862583045	862583045	
RAMS_13_EKDL210009123-1a-AK18658-AK23719_HTVH3DSX2_L3	RAMS	13248694	1987304100	1590662680	1230746002	905798793	905798793	
WADD_16_EKDL210007863-1a-AK19144-AK23752_HLNT5DSX2_L2	WADD	9053910	    1358086500	1161587117	892016744	679146233	679146233	
THIS_09_EKDL210009122-1a-AK19123-AK31179_HTVH3DSX2_L3	THIS	12639030	1895854500	1551432938	1201610167	927247304	927247304	
ZECE_23_EKDL210004788-1a-AK11698-AK16226_HHJYYDSX2_L1	ZECE	10232086	1534812900	1378657074	1080635213	769983255	769983255	
PONT_09_EKDL200012859-1a-AK11519-AK16232_HNLVYDSXY_L1	PONT	12381816	1857272400	1600600979	1257264332	937136044	937136044	
ZECE_12_EKDL210009123-1a-AK19081-AK23754_HTVH3DSX2_L3	ZECE	9458518	    1418777700	1159541538	884726232	622616101	622616101	
OSTR_16_EKDL210004789-1a-AK11377-AK16262_HHJYYDSX2_L2	OSTR	13906746	2086011900	1596326583	1241511403	996750181	996750181	
PONT_10_EKDL210009123-1a-AK18982-AK23738_HTVH3DSX2_L3	PONT	13753790	2063068500	1629893688	1258085625	911724269	911724269	
RIAE_06_EKDL210004789-1a-AK11476-AK16258_HHJYYDSX2_L2	RIAE	13437542	2015631300	1631449057	1263695579	990760997	990760997	
OSTR_13_EKDL210009122-1a-AK31188-AK31189_HTVH3DSX2_L3	OSTR	13453124	2017968600	1621716161	1255318221	1001420294	1001420294	
ZECE_06_EKDL210007863-1a-AK23717-AK23718_HLNT5DSX2_L2	ZECE	9639782	    1445967300	1214537439	919057446	643048238	643048238	
PONT_15_EKDL200012859-1a-AK7685-AK16294_HNLVYDSXY_L1	PONT	12959892	1943983800	1603759162	1234711872	951648732	951648732	
RYAN_18_EKDL210007863-1a-AK27221-AK31193_HLNT5DSX2_L2	RYAN	12105920	1815888000	1431885243	1079010961	707479016	707479016	
NISS_13_EKDL210007862-1a-AK18643-AK18817_HLNT5DSX2_L2	NISS	20328778	3049316700	2691185209	2122952642	1612797503	1612797503	
PONT_19_EKDL210004789-1a-AK11426-AK5939_HHJYYDSX2_L2	PONT	13026432	1953964800	1764374882	1395152543	1090474331	1090474331	
PONT_05_EKDL210009123-1a-AK19126-AK23737_HTVH3DSX2_L3	PONT	14399390	2159908500	1682583072	1287716993	908763990	908763990	
SVAL_17_EKDL210005548-1a-AK11512-AK16284_HHJKNDSX2_L4	SVAL	10674536	1601180400	1440702037	1130451799	918179168	918179168	
SVAL_08_EKDL210004788-1a-AK11690-AK16231_HHJYYDSX2_L1	SVAL	12960856	1944128400	1751870941	1385485699	1052329628	1052329628	
THIS_20_EKDL210009122-1a-AK31212-AK31213_HTVH3DSX2_L3	THIS	12547144	1882071600	1485020912	1145641207	869676563	869676563	
SVAL_14_EKDL210005548-1a-AK11603-AK16257_HHJKNDSX2_L4	SVAL	12854004	1928100600	1687652820	1335531807	1070365386	1070365386	
SYDK_02_EKDL210007863-1a-AK19126-AK23737_HLNT5DSX2_L2	SYDK	13212928	1981939200	1706224280	1343344980	1005218477	1005218477	
NELL_07_EKDL210004790-1a-AK11490-AK14430_HHJYYDSX2_L3	NELL	21112532	3166879800	2758191433	2156260086	1720925811	1720925811	
WADD_04_EKDL210007863-1a-AK19138-AK23746_HLNT5DSX2_L2	WADD	12847016	1927052400	1708567357	1341371909	1005625913	1005625913	
THIS_24_EKDL210009122-1a-AK19183-AK31178_HTVH3DSX2_L3	THIS	12005590	1800838500	1424311933	1108798246	801253990	801253990	
OSTR_11_EKDL210004788-1a-AK11702-AK16286_HHJYYDSX2_L1	OSTR	11628416	1744262400	1554348205	1226987328	937354262	937354262	
WADD_08_EKDL210007863-1a-AK23749-AK23750_HLNT5DSX2_L2	WADD	12585802	1887870300	1564898871	1160977791	910997282	910997282	
VADE_08_EKDL210004789-1a-AK11440-AK16251_HHJYYDSX2_L2	VADE	12945680	1941852000	1629518297	1269168531	978403961	978403961	
RYAN_15_EKDL210007862-1a-AK19258-AK19695_HLNT5DSX2_L2	RYAN	13205460	1980819000	1705863757	1329446980	992380604	992380604	
SVAL_10_EKDL210005548-1a-AK12637-AK16268_HHJKNDSX2_L4	SVAL	13255370	1988305500	1775990875	1409000704	1138729029	1138729029	
RAMS_05_EKDL210004790-1a-AK11591-AK16275_HHJYYDSX2_L3	RAMS	13872832	2080924800	1814749683	1430523604	1093136708	1093136708	
RYAN_08_EKDL210007862-1a-AK19286-AK19668_HLNT5DSX2_L2	RYAN	12135324	1820298600	1530413472	1181321358	822285433	822285433	
ZECE_07_EKDL200012859-1a-AK717-5UDI1548_HNLVYDSXY_L1	ZECE	10926290	1638943500	1400202331	1087302580	718108721	718108721	
VAGS_20_EKDL210004789-1a-AK4251-AK16229_HHJYYDSX2_L2	VAGS	13634898	2045234700	1765910173	1373678363	1064571939	1064571939	
TOLL_12_EKDL210005548-1a-AK11200-AK15590_HHJKNDSX2_L4	TOLL	13171452	1975717800	1789981764	1420786680	1139212761	1139212761	
VAGS_10_EKDL210005548-1a-AK11246-AK16274_HHJKNDSX2_L4	VAGS	13248334	1987250100	1786853112	1412777322	1143112500	1143112500	
TRAL_14_EKDL210007862-1a-AK19175-AK15923_HLNT5DSX2_L2	TRAL	11588654	1738298100	1462726459	1134027233	844618194	844618194	
SYDK_07_EKDL210004788-1a-AK11471-AK16271_HHJYYDSX2_L1	SYDK	12252392	1837858800	1536378527	1203555702	842699058	842699058	
THIS_10_EKDL210009122-1a-AK31166-AK31167_HTVH3DSX2_L3	THIS	12461244	1869186600	1543787684	1202015190	932495910	932495910	
ORNE_02_EKDL210007862-1a-AK19060-AK18847_HLNT5DSX2_L2	ORNE	21508926	3226338900	2787550259	2175827348	1663764229	1663764229	
THIS_02_EKDL210009122-1a-AK31224-AK31225_HTVH3DSX2_L3	THIS	13654152	2048122800	1679875803	1307716390	1011164601	1011164601	
ZECE_15_EKDL210005548-1a-AK8204-AK9482_HHJKNDSX2_L4	    ZECE	10329864	1549479600	1363122657	1062780532	736105719	736105719	
WADD_09_EKDL210007863-1a-AK31851-AK31852_HLNT5DSX2_L2	WADD	11909922	1786488300	1537935116	1196422758	948615046	948615046	
OSTR_10_EKDL210004789-1a-AK11479-AK16234_HHJYYDSX2_L2	OSTR	14711274	2206691100	1892725812	1498468155	1224169762	1224169762	
SVAL_20_EKDL210005548-1a-AK11665-AK16278_HHJKNDSX2_L4	SVAL	12536326	1880448900	1682747424	1312894478	1019162923	1019162923	
OSTR_12_EKDL210004789-1a-AK717-5UDI1548_HHJYYDSX2_L2	OSTR	12849634	1927445100	1621315854	1270018582	1032640841	1032640841	
THIS_15_EKDL210009122-1a-AK27188-AK34063_HTVH3DSX2_L3	THIS	15401892	2310283800	1850243493	1428195250	1015925976	1015925976	
FURI_03_EKDL210004789-1a-AK11528-AK14283_HHJYYDSX2_L2	FURI	43039542	6455931300	5579362881	4344743374	3133329188	3133329188	
RIAE_11_EKDL210005548-1a-AK11158-AK16267_HHJKNDSX2_L4	RIAE	14675842	2201376300	1959684120	1547981716	1245006866	1245006866	
RIAE_22_EKDL210004788-1a-AK11572-AK16283_HHJYYDSX2_L1	RIAE	12978156	1946723400	1710133303	1339785510	1045166976	1045166976	
RAMS_03_EKDL210005548-1a-AK11526-AK16296_HHJKNDSX2_L4	RAMS	14118566	2117784900	1901784156	1503284743	1210041826	1210041826	
SYDK_06_EKDL210004788-1a-AK11246-AK16274_HHJYYDSX2_L1	SYDK	13081870	1962280500	1700915828	1335617374	995758353	995758353	
VENO_18_EKDL210004789-1a-AK11661-AK16241_HHJYYDSX2_L2	VENO	13029188	1954378200	1720358013	1353226230	1006782789	1006782789	
NELL_06_EKDL210004788-1a-AK11204-AK16254_HHJYYDSX2_L1	NELL	22660996	3399149400	3003811834	2367531413	1769283751	1769283751	
RYAN_10_EKDL210007862-1a-AK16189-AK16190_HLNT5DSX2_L2	RYAN	15739438	2360915700	1914377287	1493063005	1110735746	1110735746	
RAMS_04_EKDL200012859-1a-AK11702-AK16286_HNLVYDSXY_L1	RAMS	15496932	2324539800	2046546570	1608889371	1224581461	1224581461	
THIS_23_EKDL210009122-1a-AK31184-AK31185_HTVH3DSX2_L3	THIS	15689242	2353386300	1894882833	1470900737	1074724177	1074724177	
RAMS_02_EKDL200012859-1a-AK11629-AK16249_HNLVYDSXY_L1	RAMS	16922574	2538386100	2147941227	1688371490	1223626655	1223626655	
TOLL_05_EKDL210009122-1a-AK31136-AK31137_HTVH3DSX2_L3	TOLL	12879472	1931920800	1613033580	1250951990	924729368	924729368	
VENO_02_EKDL210007862-1a-AK19211-AK18820_HLNT5DSX2_L2	VENO	14930060	2239509000	1933770980	1516796976	1183604364	1183604364	
ORNE_11_EKDL210007862-1a-AK16199-AK16200_HLNT5DSX2_L2	ORNE	25136586	3770487900	3104710742	2422506412	1783936199	1783936199	
OSTR_17_EKDL210005548-1a-AK11667-AK16287_HHJKNDSX2_L4	OSTR	14016580	2102487000	1888223328	1494470667	1179607884	1179607884	
THIS_18_EKDL210009122-1a-AK19148-AK31235_HTVH3DSX2_L3	THIS	16133980	2420097000	1924118113	1490054604	1092939880	1092939880	
THIS_17_EKDL210009122-1a-AK19160-AK34065_HTVH3DSX2_L3	THIS	13355218	2003282700	1617131874	1245209019	948959371	948959371	
SYDK_11_EKDL210004790-1a-AK11702-AK16286_HHJYYDSX2_L3	SYDK	15434278	2315141700	2075642456	1649799200	1255573222	1255573222	
SYDK_13_EKDL210004788-1a-AK11718-AK16243_HHJYYDSX2_L1	SYDK	14019348	2102902200	1804806767	1417813100	1053379243	1053379243	
SYDK_01_EKDL210005548-1a-AK11381-AK16293_HHJKNDSX2_L4	SYDK	13171850	1975777500	1760418561	1379522417	1134085073	1134085073	
WADD_10_EKDL210004789-1a-AK11460-AK16272_HHJYYDSX2_L2	WADD	15460880	2319132000	2061067095	1598009012	1237635523	1237635523	
VAGS_19_EKDL210004790-1a-AK11497-AK9485_HHJYYDSX2_L3	VAGS	14223118	2133467700	1912201535	1515756716	1213822080	1213822080	
RIAE_10_EKDL210005548-1a-AK11608-AK2002_HHJKNDSX2_L4	RIAE	15162106	2274315900	2021374884	1588192554	1273753683	1273753683	
SYDK_04_EKDL210007863-1a-AK18982-AK23738_HLNT5DSX2_L2	SYDK	14092476	2113871400	1759875322	1365052242	1006419665	1006419665	
VAGS_05_EKDL210007863-1a-AK18646-AK23694_HLNT5DSX2_L2	VAGS	15786560	2367984000	2047325261	1601838919	1175463026	1175463026	
ZECE_24_EKDL200012859-1a-AK11675-AK16223_HNLVYDSXY_L1	ZECE	14858722	2228808300	1920841797	1481208578	1001758069	1001758069	
WADD_11_EKDL210005548-1a-AK11677-AK5989_HHJKNDSX2_L4	WADD	13353820	2003073000	1757714267	1389669592	1141313621	1141313621	
ZECE_05_EKDL210005548-1a-AK11656-AK574_HHJKNDSX2_L4	    ZECE	12113384	1817007600	1554232016	1165385900	860341317	860341317	
RAMS_08_EKDL200012859-1a-AK12626-AK16295_HNLVYDSXY_L1	RAMS	15216110	2282416500	1974670407	1552260815	1105421736	1105421736	
VAGS_16_EKDL210005548-1a-AK11416-AK16269_HHJKNDSX2_L4	VAGS	13746678	2062001700	1826739069	1440430432	1129511481	1129511481	
RIAE_13_EKDL200012859-1a-AK11512-AK16284_HNLVYDSXY_L1	RIAE	16213270	2431990500	2133906552	1685048130	1290930973	1290930973	
RIAE_07_EKDL210004788-1a-AK11473-AK16281_HHJYYDSX2_L1	RIAE	15865054	2379758100	2085836813	1639708546	1235047356	1235047356	
TOLL_15_EKDL210004790-1a-AK12629-AK16244_HHJYYDSX2_L3	TOLL	16522672	2478400800	2162094906	1686893365	1236968563	1236968563	
THIS_14_EKDL210009122-1a-AK19194-AK31134_HTVH3DSX2_L3	THIS	15746866	2362029900	1884884896	1467463272	1066957689	1066957689	
WADD_15_EKDL210004789-1a-AK11428-AK16253_HHJYYDSX2_L2	WADD	12058864	1808829600	1504393795	1169185256	939894753	939894753	
RIAE_19_EKDL210009123-1a-AK18983-AK23742_HTVH3DSX2_L3	RIAE	17301376	2595206400	2084304080	1612719234	1145455625	1145455625	
VENO_03_EKDL210004790-1a-AK11204-AK16254_HHJYYDSX2_L3	VENO	13605196	2040779400	1836031686	1450162983	1096034479	1096034479	
WADD_01_EKDL210004790-1a-AK11246-AK16274_HHJYYDSX2_L3	WADD	14489798	2173469700	1898435514	1498055605	1149042086	1149042086	
MOLU_10_EKDL210004789-1a-AK11495-AK16238_HHJYYDSX2_L2	MOLU	28020076	4203011400	3656199594	2816628832	1934395440	1934395440	
SVAL_15_EKDL210009123-1a-AK19155-AK23773_HTVH3DSX2_L3	SVAL	15060220	2259033000	1862888603	1440423561	1069884864	1069884864	
VAGS_09_EKDL210007863-1a-AK19076-AK23695_HLNT5DSX2_L2	VAGS	17136344	2570451600	2113258466	1644026228	1251473030	1251473030	
THIS_19_EKDL210009122-1a-AK31222-AK31223_HTVH3DSX2_L3	THIS	14634064	2195109600	1758046984	1359618412	1106227194	1106227194	
TOLL_06_EKDL210004790-1a-AK11460-AK16272_HHJYYDSX2_L3	TOLL	16649914	2497487100	2216391278	1754270306	1393137191	1393137191	
ZECE_08_EKDL210004789-1a-AK11600-AK6934_HHJYYDSX2_L2	ZECE	12485152	1872772800	1679803432	1308288501	978235957	978235957	
SVAL_16_EKDL210009123-1a-AK23774-AK23775_HTVH3DSX2_L3	SVAL	17308124	2596218600	2174327875	1703081429	1324951379	1324951379	
VADE_06_EKDL210007863-1a-AK18999-AK23777_HLNT5DSX2_L2	VADE	15701434	2355215100	1920834250	1468739300	1021823836	1021823836	
WADD_18_EKDL210007863-1a-AK19081-AK23754_HLNT5DSX2_L2	WADD	13296090	1994413500	1672160309	1231104708	850247318	850247318	
VADE_07_EKDL210004788-1a-AK11692-AK16230_HHJYYDSX2_L1	VADE	17081344	2562201600	2195462096	1724361824	1290381452	1290381452	
TRAL_20_EKDL210007863-1a-AK19155-AK23773_HLNT5DSX2_L2	TRAL	15035792	2255368800	1904682854	1466160135	1096086214	1096086214	
RAMS_09_EKDL200012859-1a-AK11464-AK16277_HNLVYDSXY_L1	RAMS	16509096	2476364400	2152509908	1672788563	1252366233	1252366233	
RYAN_09_EKDL210007862-1a-AK16173-AK16174_HLNT5DSX2_L2	RYAN	17391702	2608755300	2128525862	1642035131	1191516904	1191516904	
THIS_21_EKDL210009122-1a-AK19261-AK31202_HTVH3DSX2_L3	THIS	17559022	2633853300	2231262626	1737064220	1329371194	1329371194	
VENO_12_EKDL210007862-1a-AK19267-AK18837_HLNT5DSX2_L2	VENO	14629538	2194430700	1845427243	1436887757	1145453845	1145453845	
TRAL_18_EKDL210007863-1a-AK23770-AK23771_HLNT5DSX2_L2	TRAL	16307828	2446174200	2089694753	1629881939	1221914485	1221914485	
ZECE_22_EKDL210004788-1a-AK11593-AK16256_HHJYYDSX2_L1	ZECE	14376202	2156430300	1921525638	1494340340	1128200383	1128200383	
TRAL_03_EKDL210007862-1a-AK19000-AK19702_HLNT5DSX2_L2	TRAL	17754414	2663162100	2207927574	1720556175	1309837118	1309837118	
VAGS_04_EKDL210004788-1a-AK11490-AK14430_HHJYYDSX2_L1	VAGS	15709930	2356489500	2136789660	1692179803	1274765673	1274765673	
SVAL_12_EKDL210009123-1a-AK19052-AK23772_HTVH3DSX2_L3	SVAL	18149330	2722399500	2239359182	1736543691	1311908411	1311908411	
OSTR_20_EKDL210005548-1a-AK11476-AK16258_HHJKNDSX2_L4	OSTR	17213834	2582075100	2243030359	1771560951	1460397099	1460397099	
TRAL_01_EKDL210007862-1a-AK18990-AK19689_HLNT5DSX2_L2	TRAL	17985144	2697771600	2276406815	1780901550	1389877373	1389877373	
SVAL_05_EKDL200012859-1a-AK11726-AK16225_HNLVYDSXY_L1	SVAL	16990590	2548588500	2207320032	1731685961	1273987727	1273987727	
THIS_26_EKDL210009122-1a-AK31164-AK31165_HTVH3DSX2_L3	THIS	15911098	2386664700	1922130145	1486695248	1023356937	1023356937	
RYAN_11_EKDL210007862-1a-AK16205-AK16206_HLNT5DSX2_L2	RYAN	17399288	2609893200	2204791601	1709586915	1339276298	1339276298	
TRAL_19_EKDL210007863-1a-AK19052-AK23772_HLNT5DSX2_L2	TRAL	18120708	2718106200	2284933756	1792142557	1416826286	1416826286	
RYAN_17_EKDL210007863-1a-AK19090-AK23691_HLNT5DSX2_L2	RYAN	19911140	2986671000	2392398670	1809556361	1195129784	1195129784	
THIS_08_EKDL210009122-1a-AK31186-AK31187_HTVH3DSX2_L3	THIS	16630152	2494522800	2034111126	1566755461	1211725958	1211725958	
VADE_01_EKDL210004788-1a-AK11629-AK16249_HHJYYDSX2_L1	VADE	18344304	2751645600	2380858041	1874628169	1431948021	1431948021	
OSTR_14_EKDL210009122-1a-AK19142-AK34060_HTVH3DSX2_L3	OSTR	16387084	2458062600	2019507365	1571692466	1255220751	1255220751	
RYAN_07_EKDL210007862-1a-AK19215-AK18836_HLNT5DSX2_L2	RYAN	17107700	2566155000	2165657596	1689887796	1367802631	1367802631	
ZECE_16_EKDL210005548-1a-AK11384-AK16224_HHJKNDSX2_L4	ZECE	14715512	2207326800	1968085953	1539082852	1203006644	1203006644	
ORNE_14_EKDL210004790-1a-AK11714-AK16250_HHJYYDSX2_L3	ORNE	24785728	3717859200	3299764777	2601636603	1885249797	1885249797	
ZECE_20_EKDL210004788-1a-AK11675-AK16223_HHJYYDSX2_L1	ZECE	15945108	2391766200	2119688214	1636226964	1135964810	1135964810	
TOLL_17_EKDL210009123-1a-AK23698-AK23699_HTVH3DSX2_L3	TOLL	18353528	2753029200	2319306089	1806197090	1383103533	1383103533	
TRAL_06_EKDL210007862-1a-AK18659-AK18841_HLNT5DSX2_L2	TRAL	18639194	2795879100	2324167297	1801553292	1389418297	1389418297	
NELL_20_EKDL210009123-1a-AK19130-AK23745_HTVH3DSX2_L3	NELL	27989414	4198412100	3478006024	2699427369	2164436081	2164436081	
WADD_14_EKDL210004788-1a-AK11475-AK16282_HHJYYDSX2_L1	WADD	13529450	2029417500	1785738108	1402799918	1049637760	1049637760	
PONT_07_EKDL210004788-1a-AK11528-AK14283_HHJYYDSX2_L1	PONT	19657318	2948597700	2532202792	1951629283	1419606693	1419606693	
RAMS_06_EKDL210004788-1a-AK11398-AK16264_HHJYYDSX2_L1	RAMS	17267780	2590167000	2205967510	1735588895	1285311620	1285311620	
SVAL_07_EKDL210004790-1a-AK11675-AK16223_HHJYYDSX2_L3	SVAL	18633282	2794992300	2484639939	1962330537	1554710697	1554710697	
VENO_10_EKDL210007862-1a-AK19263-AK18805_HLNT5DSX2_L2	VENO	15809806	2371470900	2077434947	1606609026	1206115061	1206115061	
SYDK_03_EKDL210004790-1a-AK11475-AK16282_HHJYYDSX2_L3	SYDK	16406416	2460962400	2177336627	1726254945	1323564404	1323564404	
VENO_09_EKDL210004788-1a-AK11685-AK16235_HHJYYDSX2_L1	VENO	16599484	2489922600	2174131124	1700469707	1273457430	1273457430	
VAGS_17_EKDL210004790-1a-AK11582-AK8205_HHJYYDSX2_L3	VAGS	17421240	2613186000	2355835867	1869162303	1441381884	1441381884	
THIS_11_EKDL210009122-1a-AK27218-AK31156_HTVH3DSX2_L3	THIS	18123094	2718464100	2252995710	1742153086	1312820922	1312820922	
RIAE_21_EKDL210004788-1a-AK11449-AK16245_HHJYYDSX2_L1	RIAE	16101228	2415184200	2193768563	1737865823	1299928350	1299928350	
ZECE_03_EKDL210007863-1a-AK18629-AK15913_HLNT5DSX2_L2	ZECE	13850780	2077617000	1794730160	1393129275	1047890354	1047890354	
OSTR_04_EKDL210004788-1a-AK11379-AK16266_HHJYYDSX2_L1	OSTR	25016170	3752425500	3157236040	2473916207	1901598535	1901598535	
TRAL_17_EKDL210007863-1a-AK18631-AK23769_HLNT5DSX2_L2	TRAL	16463908	2469586200	2097693172	1612317999	1205118800	1205118800	
TOLL_03_EKDL210004788-1a-AK11164-AK16239_HHJYYDSX2_L1	TOLL	17922076	2688311400	2297030942	1778906255	1281645931	1281645931	
ZECE_10_EKDL210007863-1a-AK18658-AK23719_HLNT5DSX2_L2	ZECE	14606626	2190993900	1883017092	1434348776	998619294	998619294	
PONT_04_EKDL210009123-1a-AK19165-AK34206_HTVH3DSX2_L3	PONT	18157656	2723648400	2226565949	1720844384	1352602736	1352602736	
VAGS_11_EKDL210007863-1a-AK19111-AK23696_HLNT5DSX2_L2	VAGS	18521472	2778220800	2329734176	1816152809	1391615323	1391615323	
PONT_17_EKDL210004788-1a-AK11665-AK16278_HHJYYDSX2_L1	PONT	17268776	2590316400	2236055023	1751986815	1267416024	1267416024	
VENO_05_EKDL210004789-1a-AK11246-AK16274_HHJYYDSX2_L2	VENO	16496238	2474435700	2199589597	1729266185	1285123219	1285123219	
RYAN_04_EKDL210007862-1a-AK18635-AK19700_HLNT5DSX2_L2	RYAN	16862868	2529430200	2179960426	1703624126	1349817872	1349817872	
SYDK_10_EKDL210004790-1a-AK11690-AK16231_HHJYYDSX2_L3	SYDK	18485170	2772775500	2405237366	1873554582	1357123520	1357123520	
SVAL_18_EKDL210005548-1a-AK11605-AK16247_HHJKNDSX2_L4	SVAL	17566100	2634915000	2240674496	1765722595	1431668871	1431668871	
OSTR_19_EKDL210004789-1a-AK11608-AK2002_HHJYYDSX2_L2	OSTR	17522472	2628370800	2354046414	1871155497	1497875838	1497875838	
TRAL_15_EKDL210007862-1a-AK19031-AK19703_HLNT5DSX2_L2	TRAL	17508116	2626217400	2200803847	1703681260	1243672602	1243672602	
WADD_19_EKDL210007863-1a-AK19022-AK23755_HLNT5DSX2_L2	WADD	15348526	2302278900	1853123665	1440267818	1077252035	1077252035	
TOLL_18_EKDL210009123-1a-AK19057-AK23700_HTVH3DSX2_L3	TOLL	18479870	2771980500	2257254879	1760337076	1291551904	1291551904	
ZECE_17_EKDL210005548-1a-AK10139-AK9682_HHJKNDSX2_L4	ZECE	16602042	2490306300	2222011701	1739515494	1330626364	1330626364	
RIAE_15_EKDL210004788-1a-AK11186-AK1268_HHJYYDSX2_L1	RIAE	20942904	3141435600	2676308128	2094843138	1604351963	1604351963	
RIAE_16_EKDL210004790-1a-AK11698-AK16226_HHJYYDSX2_L3	RIAE	19079052	2861857800	2546356396	2005935761	1539786660	1539786660	
RYAN_01_EKDL210007862-1a-AK19002-AK19680_HLNT5DSX2_L2	RYAN	19488988	2923348200	2515816028	1967215624	1516060596	1516060596	
VENO_14_EKDL210004788-1a-AK11519-AK16232_HHJYYDSX2_L1	VENO	17289826	2593473900	2270262572	1774217609	1273828626	1273828626	
SYDK_09_EKDL210004788-1a-AK11495-AK16238_HHJYYDSX2_L1	SYDK	18336054	2750408100	2402437999	1872649146	1280037448	1280037448	
RYAN_20_EKDL210007863-1a-AK23715-AK23716_HLNT5DSX2_L2	RYAN	20750922	3112638300	2733323583	2142609375	1654367801	1654367801	
VENO_17_EKDL210005548-1a-AK11629-AK16249_HHJKNDSX2_L4	VENO	20203616	3030542400	2703614324	2134800264	1634513769	1634513769	
VAGS_02_EKDL210007863-1a-AK18993-AK23693_HLNT5DSX2_L2	VAGS	18154344	2723151600	2414558976	1892292521	1455835905	1455835905	
VADE_05_EKDL210004788-1a-AK11591-AK16275_HHJYYDSX2_L1	VADE	20857162	3128574300	2712562794	2136021405	1577742443	1577742443	
VAGS_08_EKDL210004788-1a-AK11177-AK16280_HHJYYDSX2_L1	VAGS	19574254	2936138100	2542845927	2000482517	1463024624	1463024624	
VENO_11_EKDL210007862-1a-AK19271-AK18821_HLNT5DSX2_L2	VENO	20702682	3105402300	2721380670	2130292132	1571799861	1571799861	
RYAN_02_EKDL210007862-1a-AK18661-AK19687_HLNT5DSX2_L2	RYAN	19968302	2995245300	2540656232	1968417162	1532914550	1532914550	
ZECE_11_EKDL210007863-1a-AK18980-AK23720_HLNT5DSX2_L2	ZECE	15807614	2371142100	2069900701	1609395317	1177664874	1177664874	
OSTR_15_EKDL210004790-1a-AK11476-AK16258_HHJYYDSX2_L3	OSTR	20868432	3130264800	2765054198	2200352320	1749004877	1749004877	
SYDK_08_EKDL210005548-1a-AK7016-AK16255_HHJKNDSX2_L4	SYDK	21164052	3174607800	2814210378	2198881729	1710824499	1710824499	
PONT_13_EKDL210004789-1a-AK11456-AK16260_HHJYYDSX2_L2	PONT	19973942	2996091300	2481667115	1944785064	1510175091	1510175091	
NELL_19_EKDL210009123-1a-AK19095-AK23744_HTVH3DSX2_L3	NELL	32060990	4809148500	4040543439	3174498216	2483629713	2483629713	
ORNE_01_EKDL210007862-1a-AK19023-AK18833_HLNT5DSX2_L2	ORNE	29152406	4372860900	3815486007	2987770564	2272157507	2272157507	
TOLL_01_EKDL210004788-1a-AK11190-AK16270_HHJYYDSX2_L1	TOLL	22073164	3310974600	2870126179	2245654725	1592758163	1592758163	
VENO_07_EKDL210004789-1a-AK11436-AK16240_HHJYYDSX2_L2	VENO	19035864	2855379600	2547458335	2009055376	1543064213	1543064213	
SVAL_02_EKDL200012859-1a-AK11440-AK16251_HNLVYDSXY_L1	SVAL	23927568	3589135200	3114007872	2440726752	1672193718	1672193718	
OSTR_18_EKDL210009123-1a-AK23735-AK23736_HTVH3DSX2_L3	OSTR	19623070	2943460500	2488066649	1938983801	1505553317	1505553317	
RAMS_14_EKDL210005548-1a-AK11379-AK16266_HHJKNDSX2_L4	RAMS	17866196	2679929400	2424002595	1917074628	1540069809	1540069809	
OSTR_09_EKDL210007862-1a-AK19182-AK19692_HLNT5DSX2_L2	OSTR	19946830	2992024500	2494232502	1953339297	1537336448	1537336448	
RYAN_16_EKDL210007863-1a-AK19136-AK23714_HLNT5DSX2_L2	RYAN	23063938	3459590700	2840498119	2191424530	1631383934	1631383934	
TOLL_02_EKDL210004789-1a-AK11598-AK16273_HHJYYDSX2_L2	TOLL	19061178	2859176700	2418829826	1890168151	1464143382	1464143382	
RYAN_14_EKDL210007862-1a-AK19209-AK19688_HLNT5DSX2_L2	RYAN	20574432	3086164800	2595686810	2015137000	1581175893	1581175893	
WADD_17_EKDL210007863-1a-AK19046-AK23753_HLNT5DSX2_L2	WADD	16872810	2530921500	2161325985	1694965428	1320104457	1320104457	
TRAL_09_EKDL210007862-1a-AK16193-AK16194_HLNT5DSX2_L2	TRAL	21736802	3260520300	2542515207	1973534281	1469518115	1469518115	
ZECE_14_EKDL210004790-1a-AK11656-AK574_HHJYYDSX2_L3	    ZECE	16945830	2541874500	2282534048	1785802843	1359981019	1359981019	
TRAL_07_EKDL210007862-1a-AK19047-AK19670_HLNT5DSX2_L2	TRAL	21424162	3213624300	2686067604	2086523143	1520935966	1520935966	
VAGS_12_EKDL210004790-1a-AK11603-AK16257_HHJYYDSX2_L3	VAGS	17319910	2597986500	2295594590	1815361712	1405331510	1405331510	
THIS_04_EKDL210009122-1a-AK19154-AK31214_HTVH3DSX2_L3	THIS	25490922	3823638300	2875867066	2222297056	1591556470	1591556470	
SVAL_09_EKDL210004788-1a-AK11168-AK16259_HHJYYDSX2_L1	SVAL	23180982	3477147300	3040627282	2357678826	1667943754	1667943754	
RIAE_05_EKDL210004789-1a-AK11524-AK16276_HHJYYDSX2_L2	RIAE	22792910	3418936500	3015993263	2376120677	1790514536	1790514536	
WADD_07_EKDL210007863-1a-AK19017-AK23748_HLNT5DSX2_L2	WADD	24258750	3638812500	3097125738	2431964873	1924760638	1924760638	
RYAN_12_EKDL210007862-1a-AK19197-AK19673_HLNT5DSX2_L2	RYAN	23410160	3511524000	3006343074	2370881300	1752555980	1752555980	
RYAN_06_EKDL210007862-1a-AK19252-AK18823_HLNT5DSX2_L2	RYAN	23105150	3465772500	3010852330	2353881015	1781978648	1781978648	
TRAL_12_EKDL210007862-1a-AK19035-AK19683_HLNT5DSX2_L2	TRAL	22136908	3320536200	2847412606	2196238131	1528351412	1528351412	
RIAE_17_EKDL210004790-1a-AK11456-AK16260_HHJYYDSX2_L3	RIAE	23243594	3486539100	3043397473	2397874892	1726910157	1726910157	
VAGS_06_EKDL210007863-1a-AK19132-AK15917_HLNT5DSX2_L2	VAGS	22856548	3428482200	2872231465	2239278086	1766049467	1766049467	
VENO_16_EKDL210004788-1a-AK11178-AK16246_HHJYYDSX2_L1	VENO	21255016	3188252400	2839169987	2231408160	1613266317	1613266317	
WADD_06_EKDL210007863-1a-AK19170-AK23747_HLNT5DSX2_L2	WADD	23330912	3499636800	2925132181	2277464774	1754941930	1754941930	
VENO_04_EKDL210004789-1a-AK11387-AK16228_HHJYYDSX2_L2	VENO	25832022	3874803300	3378320951	2638712245	1859903669	1859903669	
VENO_01_EKDL210007862-1a-AK19025-AK19686_HLNT5DSX2_L2	VENO	21881750	3282262500	2864888086	2250293179	1736765595	1736765595	
TRAL_05_EKDL210007862-1a-AK19012-AK18827_HLNT5DSX2_L2	TRAL	23719700	3557955000	3074481708	2410610804	1785063345	1785063345	
RAMS_16_EKDL210005548-1a-AK11631-AK349_HHJKNDSX2_L4	    RAMS	23185402	3477810300	3111911459	2461015828	2039451922	2039451922	
VAGS_01_EKDL210004788-1a-AK11640-AK16265_HHJYYDSX2_L1	VAGS	23599008	3539851200	3067789104	2414738606	1752659799	1752659799	
RIAE_09_EKDL210004788-1a-AK2372-AK16292_HHJYYDSX2_L1	RIAE	26517364	3977604600	3471020302	2698680841	2055877174	2055877174	
ZECE_13_EKDL210009123-1a-AK19022-AK23755_HTVH3DSX2_L3	ZECE	20087912	3013186800	2551098416	1971747089	1417480875	1417480875	
RIAE_18_EKDL210005548-1a-AK11204-AK16254_HHJKNDSX2_L4	RIAE	25928282	3889242300	3483713051	2748311119	2190233753	2190233753	
RAMS_11_EKDL210004790-1a-AK11685-AK16235_HHJYYDSX2_L3	RAMS	24140570	3621085500	3229013954	2567985932	2007042885	2007042885	
WADD_12_EKDL210004790-1a-AK11512-AK16284_HHJYYDSX2_L3	WADD	26762492	4014373800	3623336751	2835315859	2204388777	2204388777	
WADD_05_EKDL210005548-1a-AK11726-AK16225_HHJKNDSX2_L4	WADD	24622790	3693418500	3203477603	2527988244	2018233926	2018233926	
TOLL_07_EKDL210004790-1a-AK11449-AK16245_HHJYYDSX2_L3	TOLL	24161784	3624267600	3254177713	2569959645	2057539918	2057539918	
RYAN_05_EKDL210007862-1a-AK19106-AK18807_HLNT5DSX2_L2	RYAN	25964950	3894742500	3419035613	2690547605	2037849920	2037849920	
PONT_20_EKDL210004788-1a-AK11208-AK16233_HHJYYDSX2_L1	PONT	25315096	3797264400	3461023093	2701587107	1892072798	1892072798	
RAMS_10_EKDL210005548-1a-AK11428-AK16253_HHJKNDSX2_L4	RAMS	28695044	4304256600	3811654885	3000050328	2384399768	2384399768	
SVAL_13_EKDL210004788-1a-AK11630-AK16248_HHJYYDSX2_L1	SVAL	27778024	4166703600	3642591195	2873693752	2250046482	2250046482	
TRAL_04_EKDL210007862-1a-AK19275-AK18811_HLNT5DSX2_L2	TRAL	30001270	4500190500	3995024684	3131850612	2344067252	2344067252	
VAGS_13_EKDL210007863-1a-AK19009-AK23697_HLNT5DSX2_L2	VAGS	23609076	3541361400	3070501102	2413056693	1801042282	1801042282	
ZECE_01_EKDL210004790-1a-AK12637-AK16268_HHJYYDSX2_L3	ZECE	23999508	3599926200	3190578417	2495116239	1804908398	1804908398	
SYDK_22_EKDL210009123-1a-AK19141-AK23776_HTVH3DSX2_L3	SYDK	33268920	4990338000	4164389816	3223212864	2300213636	2300213636	
VENO_15_EKDL210004789-1a-AK11519-AK16232_HHJYYDSX2_L2	VENO	33612626	5041893900	4323691239	3349674482	2276538048	2276538048	
RYAN_13_EKDL210007862-1a-AK19220-AK19681_HLNT5DSX2_L2	RYAN	35416480	5312472000	4481576545	3507325463	2704983407	2704983407	
RAMS_12_EKDL210009123-1a-AK23717-AK23718_HTVH3DSX2_L3	RAMS	32342456	4851368400	3934293912	3051753686	2187771793	2187771793	
SVAL_01_EKDL210004789-1a-AK11584-AK16263_HHJYYDSX2_L2	SVAL	31126138	4668920700	4179209759	3301995256	2494880322	2494880322	
VAGS_15_EKDL210004789-1a-AK11190-AK16270_HHJYYDSX2_L2	VAGS	37215788	5582368200	4964429102	3928542207	3036054239	3036054239	
WADD_13_EKDL210005548-1a-AK11485-AK16252_HHJKNDSX2_L4	WADD	27574572	4136185800	3682353014	2856053250	2249693878	2249693878	
PONT_03_EKDL210004788-1a-AK7016-AK16255_HHJYYDSX2_L1	PONT	40960248	6144037200	5356569172	4204952264	3175205773	3175205773	
TRAL_16_EKDL210007863-1a-AK19117-AK23768_HLNT5DSX2_L2	TRAL	49497062	7424559300	6395215364	4991524942	3900910830	3900910830	
