bamfile,mean_depth,sd_depth,mean_depth_nonzero,mean_depth_within2sd,median,proportion_of_reference_covered
AGAB_01_EKDL210009123-1a-AK19113-AK23731_HTVH3DSX2_L3,1.31452801615805,1.92646142153976,2.0981732718905,1.22288367660161,1,0.626510705178195
AGAB_02_EKDL210009123-1a-AK19007-AK23732_HTVH3DSX2_L3,1.19566442606012,1.84953824624577,1.99126007382583,1.07074519710358,1,0.600456184391327
AGAB_03_EKDL210004790-1a-AK11377-AK16262_HHJYYDSX2_L3,1.31451388682744,1.94448918174615,2.11590935368739,1.21293962583993,1,0.621252457973577
AGAB_04_EKDL210004789-1a-AK11677-AK5989_HHJYYDSX2_L2,1.10841357952708,1.82036793615752,1.94163386060399,0.988290335838666,1,0.570866424415617
AGAB_05_EKDL210004789-1a-AK11659-AK16242_HHJYYDSX2_L2,1.6436595020609,3.00965989115978,2.42831358658553,1.56083892110773,1,0.676872835181046
AGAB_06_EKDL200012859-1a-AK11456-AK16260_HNLVYDSXY_L1,1.43141794363396,2.15402929170196,2.22536100977625,1.30588513737808,1,0.643229542238622
AGAB_08_EKDL210004788-1a-AK11464-AK16277_HHJYYDSX2_L1,2.15693422444241,2.66401890351227,2.91616653842414,2.00416640385436,2,0.739647134696256
AGAB_10_EKDL210004788-1a-GG04-AK5420_HHJYYDSX2_L1,2.18068964183956,2.7550223417474,2.92067028051232,2.04832539807476,2,0.746640131339191
AGAB_11_EKDL210004790-1a-AK11471-AK16271_HHJYYDSX2_L3,1.86853454095565,2.19870049423488,2.63020265140285,1.73131549201811,2,0.710414667082499
AGAB_12_EKDL210009123-1a-AK18642-AK23733_HTVH3DSX2_L3,3.05982821053025,3.70168000498894,3.88041675088113,2.86587552027716,3,0.788530822065682
AGAB_13_EKDL200012859-1a-AK11640-AK16265_HNLVYDSXY_L1,1.05604912034994,1.58913834620705,1.90377219688097,0.955092528050467,1,0.554714015721169
AGAB_14_EKDL200012859-1a-AK12637-AK16268_HNLVYDSXY_L1,1.23469050686429,1.89341689117178,2.0391971790952,1.15300606090079,1,0.605478724432226
AGAB_15_EKDL210004788-1a-AK11416-AK16269_HHJYYDSX2_L1,1.38723089636997,2.0944381253476,2.19671511468941,1.26191812394259,1,0.631502413350635
AGAB_18_EKDL200012859-1a-AK11718-AK16243_HNLVYDSXY_L1,0.831716190217387,1.41219285087794,1.69110846044787,0.721094837974087,0,0.491817177709101
AGAB_19_EKDL210004789-1a-AK11690-AK16231_HHJYYDSX2_L2,1.90339419283031,2.58340726221849,2.67834497548216,1.78583847375534,2,0.710660579669264
AGAB_20_EKDL210005548-1a-AK11178-AK16246_HHJKNDSX2_L4,1.67437615191151,2.33379311290331,2.44811007579913,1.5675468899373,1,0.683946432173789
AGAB_23_EKDL200012859-1a-AK11195-AK16227_HNLVYDSXY_L1,0.958015355750418,1.4969713364947,1.78189606984266,0.814876607216579,1,0.537638177649224
AGAB_24_EKDL210009123-1a-AK19137-AK23734_HTVH3DSX2_L3,1.03415183230786,1.8169074306051,1.88512912495906,0.934525330781224,1,0.548584082976352
BARR_01_EKDL210005548-1a-AK11598-AK16273_HHJKNDSX2_L4,1.51487007345605,2.1368170761879,2.27316398424463,1.38617276559923,1,0.666414778676708
BARR_02_EKDL210004789-1a-AK11506-AK16290_HHJYYDSX2_L2,1.44906251640196,3.07981335414802,2.22016003135775,1.38400537215719,1,0.65268381375002
BARR_03_EKDL200012859-1a-AK11428-AK16253_HNLVYDSXY_L1,0.945955613047972,1.97123233076829,1.78448775352069,0.864995752563446,1,0.530099246229925
BARR_04_EKDL210004790-1a-AK11710-AK16288_HHJYYDSX2_L3,1.00309950363555,2.37682909051177,1.88168129352319,0.945677676804265,1,0.533086823517023
BARR_06_EKDL210005548-1a-AK11456-AK16260_HHJKNDSX2_L4,1.73272149128145,2.29108297077967,2.48366904134062,1.60740755189085,1,0.697645886968205
BARR_07_EKDL210004788-1a-AK11160-AK9453_HHJYYDSX2_L1,1.38860556230921,2.33513302895982,2.17760769842802,1.30989519914994,1,0.63767480401168
BARR_08_EKDL210005548-1a-AK11426-AK5939_HHJKNDSX2_L4,1.90068489483276,2.44556038725018,2.63458730539224,1.75394034793298,2,0.721435532215009
BARR_09_EKDL210004790-1a-AK11677-AK5989_HHJYYDSX2_L3,1.10337810352696,5.6047319220569,2.01529155678712,1.07223770760253,1,0.547502965420086
BARR_10_EKDL210004789-1a-AK11168-AK16259_HHJYYDSX2_L2,0.811930583325402,1.47125998267295,1.69332477963094,0.694692621654056,0,0.479488987046197
BARR_11_EKDL210004789-1a-AK11177-AK16280_HHJYYDSX2_L2,1.8704904416903,2.46628761442711,2.64044179595004,1.7014446509024,1,0.708400558027451
BARR_12_EKDL200012859-1a-AK11460-AK16272_HNLVYDSXY_L1,1.20918528769945,2.32570445035777,2.00324370140568,1.12537294229581,1,0.603613672590653
BARR_13_EKDL200012859-1a-AK7415-AK16289_HNLVYDSXY_L1,1.31315112080563,1.92480222743333,2.08994247938484,1.22843578272453,1,0.628319264170375
BARR_14_EKDL200012859-1a-AK11667-AK16287_HNLVYDSXY_L1,0.940931386670525,1.41990315649957,1.79516118785886,0.785104288735655,1,0.524148690955677
BARR_15_EKDL200012859-1a-AK11171-AK16279_HNLVYDSXY_L1,0.701999526033451,1.35437955282967,1.58392436422287,0.623477227830936,0,0.443202681826216
BUNN_01_EKDL210009123-1a-AK19109-AK31194_HTVH3DSX2_L3,1.07670222199776,1.74425685591434,1.8879159097044,0.976823902764709,1,0.570312595207859
BUNN_02_EKDL210009123-1a-AK18986-AK34202_HTVH3DSX2_L3,1.13973222813594,1.77984301943208,1.95761619056547,1.01845255792867,1,0.582204128484847
BUNN_03_EKDL210009123-1a-AK19003-AK23702_HTVH3DSX2_L3,0.8513441182539,1.53545081041582,1.68277807908193,0.745358278039827,1,0.505915859516316
BUNN_04_EKDL210009123-1a-AK19133-AK18842_HTVH3DSX2_L3,1.6101110343615,2.11372623559229,2.38590178472434,1.44316827584084,1,0.674843803156705
BUNN_05_EKDL210009123-1a-AK23704-AK22953_HTVH3DSX2_L3,1.12581879392809,1.7049350757335,1.92543189533051,1.0204260998991,1,0.584709745724152
BUNN_06_EKDL210007863-1a-AK19056-AK23721_HLNT5DSX2_L2,0.768855926008131,1.33956045476677,1.62551668393583,0.680249582769901,0,0.472991716176419
BUNN_07_EKDL210007863-1a-AK23722-AK23723_HLNT5DSX2_L2,1.07937166325588,1.92302036508107,1.88347282689017,0.983100012211183,1,0.573075251124351
BUNN_08_EKDL210007863-1a-AK19172-AK23724_HLNT5DSX2_L2,0.588393232172322,1.00827633811802,1.46847957313898,0.477315861996032,0,0.400681931798688
BUNN_09_EKDL210007863-1a-AK18636-AK23725_HLNT5DSX2_L2,1.17772020636189,1.86766214656863,1.98972048253872,1.04196127042174,1,0.591902338392462
BUNN_10_EKDL210007863-1a-AK19054-AK23703_HLNT5DSX2_L2,1.30658825413309,1.83046082397118,2.09417304758714,1.1438115871194,1,0.623916087373334
BUNN_11_EKDL210007863-1a-AK18984-AK31192_HLNT5DSX2_L2,1.69272337452397,2.78968286484287,2.45185490741621,1.61646019800665,1,0.690384805970382
BUNN_12_EKDL210007863-1a-AK27190-AK34205_HLNT5DSX2_L2,0.974297126368878,1.93635299315263,1.79791634389296,0.896302023437617,1,0.541903481593299
BUNN_13_EKDL210007863-1a-AK19072-AK23726_HLNT5DSX2_L2,0.0895765175856491,0.354628849792807,1.08644056237277,0,0,0.0824495335391544
BUNN_14_EKDL210007863-1a-AK18989-AK33821_HLNT5DSX2_L2,1.72119018601331,2.93316820143868,2.52682707599052,1.6305441527461,1,0.681166591243226
BUNN_15_EKDL210007863-1a-AK19103-AK23729_HLNT5DSX2_L2,2.66026292588995,3.8440679033313,3.44206668060151,2.53907108791783,2,0.772867922891506
BUNN_16_EKDL210007863-1a-AK19147-AK23730_HLNT5DSX2_L2,1.31744790108535,2.02894211081391,2.11014671177714,1.21396815263219,1,0.624339480156634
BUNN_17_EKDL210007863-1a-AK19113-AK23731_HLNT5DSX2_L2,0.404437974993736,0.807097238634951,1.31836866376988,0.355757671281503,0,0.306771532203513
BUNN_18_EKDL210007863-1a-AK19007-AK23732_HLNT5DSX2_L2,0.70491042687847,1.27534171165072,1.57000633598977,0.634009387630665,0,0.448985721088814
BUNN_19_EKDL210007863-1a-AK18642-AK23733_HLNT5DSX2_L2,1.39065276178117,2.14711391651457,2.20844256580957,1.26713460351696,1,0.629698405252254
BUNN_20_EKDL210007863-1a-AK19137-AK23734_HLNT5DSX2_L2,0.686682935309985,1.36049505181333,1.55481596029074,0.621124820318733,0,0.441649013675813
CLEW_02_EKDL210007862-1a-AK19291-AK18809_HLNT5DSX2_L2,1.42550136797845,3.15239844573096,2.244228924023,1.35352117748592,1,0.635185364879343
CLEW_03_EKDL210007862-1a-AK15924-AK18825_HLNT5DSX2_L2,1.20206647661547,1.98311442963637,2.00000589650773,1.13028366323562,1,0.601031466314332
CLEW_04_EKDL210007862-1a-AK19016-AK18839_HLNT5DSX2_L2,0.799808648958919,1.43969607362754,1.6754110577755,0.690191730520552,0,0.477380548043431
CLEW_05_EKDL210007862-1a-AK19084-AK19669_HLNT5DSX2_L2,1.24296946372767,1.81409770325414,2.02654091397457,1.10865931597372,1,0.613345358663276
CLEW_06_EKDL210007862-1a-AK16175-AK16176_HLNT5DSX2_L2,0.800661163640308,1.45612956817732,1.66096273422128,0.699532842609401,0,0.48204643436253
CLEW_07_EKDL210007862-1a-AK16191-AK16192_HLNT5DSX2_L2,0.184913389888978,0.505356100372921,1.16574957083168,0.139813313314043,0,0.158621881161912
CLEW_08_EKDL210007862-1a-AK16207-AK16208_HLNT5DSX2_L2,0.31975979009693,0.748763151109902,1.27328177492341,0.209636865405329,0,0.251130422499072
CLEW_09_EKDL210007862-1a-AK19096-AK19674_HLNT5DSX2_L2,0.486006438012415,1.10301956479145,1.41045372263203,0.403235709061927,0,0.34457453669987
CLEW_10_EKDL210007862-1a-AK15918-AK19682_HLNT5DSX2_L2,1.38740655970576,1.96943940489632,2.17392657265244,1.27496448833841,1,0.638203045658812
COLN_01_EKDL210004789-1a-AK11204-AK16254_HHJYYDSX2_L2,1.50973581916978,1.89117181744104,2.26974982178797,1.37752466111701,1,0.665155165858991
COLN_02_EKDL210004790-1a-AK11479-AK16234_HHJYYDSX2_L3,2.30251733570381,3.07536941749454,3.09429834185017,2.16068275609944,2,0.744116139210636
COLN_03_EKDL210005548-1a-AK11440-AK16251_HHJKNDSX2_L4,1.94622266718694,3.01497691234054,2.72485064576771,1.78743550142132,2,0.714249300309402
COLN_04_EKDL210004789-1a-AK11665-AK16278_HHJYYDSX2_L2,1.75719713977472,2.78469656957372,2.53503967955153,1.65517393222438,1,0.693163564242728
COLN_06_EKDL210004790-1a-AK11428-AK16253_HHJYYDSX2_L3,2.01492879397103,2.71491718808807,2.75983800392658,1.88702449591606,2,0.730089516523869
COLN_08_EKDL210004790-1a-AK11433-AK13293_HHJYYDSX2_L3,1.84111507484572,2.54713671976137,2.66981028144853,1.65841158111781,1,0.689605208144952
COLN_09_EKDL210004788-1a-AK11440-AK16251_HHJYYDSX2_L1,1.60853110388338,2.08674588287815,2.40285920374276,1.42585120710936,1,0.669423785371019
COLN_10_EKDL210009122-1a-AK34058-AK34059_HTVH3DSX2_L3,0.810180987834299,1.35462460149569,1.64308350482881,0.718437908967299,0,0.493085704684735
COLN_12_EKDL210009122-1a-AK31169-AK31170_HTVH3DSX2_L3,1.47372370384464,2.10653929560905,2.24123921927094,1.34911575576214,1,0.657548596853449
COLN_13_EKDL210004790-1a-AK11584-AK16263_HHJYYDSX2_L3,1.21966674197469,3.27669275780059,2.09107181064236,1.16914912801222,1,0.583273484806743
COLN_15_EKDL210005548-1a-AK11449-AK16245_HHJKNDSX2_L4,0.902193609941715,1.65531249091485,1.73605492092048,0.84145307065862,1,0.519680339066271
COLN_17_EKDL210009123-1a-AK19132-AK15917_HTVH3DSX2_L3,0.884066254352251,1.50873412169524,1.71418997972964,0.765320325113336,1,0.515734116291867
COLN_18_EKDL210009123-1a-AK19076-AK23695_HTVH3DSX2_L3,2.09375204247573,2.71982184436844,2.84632670968998,1.94571460883271,2,0.735597932362411
COLN_19_EKDL210009123-1a-AK19111-AK23696_HTVH3DSX2_L3,1.0065718018073,1.79285113422648,1.82126397823161,0.923122372041201,1,0.552677598545995
COLN_20_EKDL210009123-1a-AK19009-AK23697_HTVH3DSX2_L3,1.07746479913061,1.56342634397226,1.88413748004342,0.977431587411718,1,0.571861029539043
CORS_01_EKDL210004788-1a-AK11479-AK16234_HHJYYDSX2_L1,1.87558890881961,3.19451100421817,2.6239809961074,1.80703064789615,2,0.714787535276463
CORS_02_EKDL210004790-1a-AK11485-AK16252_HHJYYDSX2_L3,0.563460783489548,1.07681972740984,1.43915301230422,0.465947864122177,0,0.391522498769945
CORS_03_EKDL210007863-1a-AK19131-AK23741_HLNT5DSX2_L2,1.20494228954464,1.92400693772417,2.01177039824162,1.12729649095642,1,0.598946226964024
CORS_04_EKDL210007863-1a-AK18983-AK23742_HLNT5DSX2_L2,0.836720770252085,1.40898487170349,1.67536912254829,0.734100315166173,0,0.499424729148311
CORS_05_EKDL210007863-1a-AK19068-AK23743_HLNT5DSX2_L2,0.458696177037878,1.06793749013874,1.39209319364239,0.385037195842936,0,0.329501055771816
CORS_06_EKDL210004790-1a-AK11464-AK16277_HHJYYDSX2_L3,1.79557617321686,2.46456094577732,2.55647369845815,1.65995944734539,1,0.702364422641756
CORS_07_EKDL210007863-1a-AK19095-AK23744_HLNT5DSX2_L2,1.28339673151816,2.73854979963893,2.14437093485441,1.21216306296651,1,0.598495675658552
CORS_08_EKDL210005548-1a-AK11495-AK16238_HHJKNDSX2_L4,1.4372418069199,2.25983608041406,2.21435928954445,1.32904144370065,1,0.649055378549354
CRES_01_EKDL210009123-1a-AK34208-AK29626_HTVH3DSX2_L3,0.93237472739197,1.79441205078134,1.76264615697835,0.865456130312501,1,0.528963072764612
CRES_02_EKDL210004789-1a-AK11698-AK16226_HHJYYDSX2_L2,1.19247646610152,1.73741064434415,1.99124862781452,1.0669865152167,1,0.598858650519395
CRES_03_EKDL210004790-1a-AK11524-AK16276_HHJYYDSX2_L3,0.669802418569561,1.29054103197939,1.54912935763391,0.604896404508036,0,0.432373458852198
CRES_04_EKDL210009123-1a-AK19138-AK23746_HTVH3DSX2_L3,0.980798162651638,1.5617234595816,1.80473890142713,0.907046854829599,1,0.543457096135221
CRES_05_EKDL210004790-1a-AK8204-AK9482_HHJYYDSX2_L3,0.750633012137638,1.20123717258259,1.60440066426023,0.671902643689084,0,0.46785882657547
CRES_06_EKDL200012859-1a-AK11520-AK16285_HNLVYDSXY_L1,0.851299239798388,1.42546733727594,1.72223359752048,0.726906148983687,0,0.494299519544835
CRES_07_EKDL210004789-1a-AK12629-AK16244_HHJYYDSX2_L2,2.45691728917382,3.58591557446184,3.23488104497092,2.3446644321998,2,0.759507770152369
CRES_08_EKDL210004789-1a-AK11178-AK16246_HHJYYDSX2_L2,1.10142169118142,1.90190629628871,1.91814645884775,0.996017504522748,1,0.574211466544126
CRES_09_EKDL210009123-1a-AK19170-AK23747_HTVH3DSX2_L3,0.704478744592344,1.21350619562899,1.5674737013175,0.635682276555055,0,0.44943576660993
CRES_10_EKDL210004790-1a-AK11178-AK16246_HHJYYDSX2_L3,1.13414507076323,1.7582182094162,1.93562333737393,1.02465673419977,1,0.585932732295954
CRES_11_EKDL210005548-1a-AK11572-AK16283_HHJKNDSX2_L4,0.82993780114569,1.35114587565163,1.65969849971535,0.735028827492304,1,0.500053353839805
CRES_12_EKDL210009123-1a-AK19017-AK23748_HTVH3DSX2_L3,0.333383358591505,0.870103236308026,1.26691659144494,0.301127479495469,0,0.263145467383372
CRES_13_EKDL210004790-1a-AK11398-AK16264_HHJYYDSX2_L3,1.33719781055644,1.88117796377665,2.12758165455519,1.24180645028424,1,0.62850598833352
CRES_14_EKDL210004788-1a-AK7415-AK16289_HHJYYDSX2_L1,0.490151832606127,0.955958305519076,1.39564726026152,0.41355877945932,0,0.351200368862704
CRES_15_EKDL210004788-1a-AK11674-AK2690_HHJYYDSX2_L1,0.367360730258655,0.845407024274135,1.30194475993067,0.325007710524208,0,0.28216306986649
CRES_16_EKDL210004790-1a-AK11506-AK16290_HHJYYDSX2_L3,0.798859531796079,1.39158220179352,1.64184790055887,0.707057935099726,0,0.486561228676716
CRES_17_EKDL200012859-1a-AK11600-AK6934_HNLVYDSXY_L1,1.1479614176834,1.62743120573251,1.95995331775591,1.03173763624899,1,0.585708550955453
CRES_18_EKDL210009123-1a-AK23749-AK23750_HTVH3DSX2_L3,0.404231025283381,0.857420312265105,1.32430078075297,0.354453683983058,0,0.305241098667621
CRES_19_EKDL210004788-1a-AK11467-AK14066_HHJYYDSX2_L1,0.408914262103672,0.816128975445086,1.32572485216011,0.358121040174897,0,0.308445799622277
CRES_20_EKDL200012859-1a-AK11377-AK16262_HNLVYDSXY_L1,0.4660566166919,0.983049085239888,1.37224804881769,0.398707210102644,0,0.339630008651511
DOLV_01_EKDL210009122-1a-AK19014-AK31232_HTVH3DSX2_L3,0.929963935396292,1.54523211713054,1.75887579179499,0.863664795771056,1,0.528726326062539
DOLV_02_EKDL210009122-1a-AK31218-AK31219_HTVH3DSX2_L3,1.10802934307721,1.7179961202662,1.91675619066089,1.00198918118016,1,0.578075265114999
DOLV_03_EKDL210009122-1a-AK31208-AK31209_HTVH3DSX2_L3,0.962239685334891,1.43319016763206,1.79626390755724,0.810389790079499,1,0.535689483759299
DOLV_04_EKDL210009122-1a-AK31199-AK31200_HTVH3DSX2_L3,0.849522224735106,1.35191786270817,1.68455243866693,0.743714255319045,1,0.504301442469362
DOLV_05_EKDL210009122-1a-AK31182-AK31183_HTVH3DSX2_L3,0.654739570767241,1.07011884446501,1.52657694636166,0.514800991440268,0,0.428893920039565
DOLV_06_EKDL210009122-1a-AK27196-AK31175_HTVH3DSX2_L3,0.691239076912387,1.19348558053288,1.55128196343147,0.628041076893099,0,0.445592157458818
DOLV_07_EKDL210009122-1a-AK18627-AK31161_HTVH3DSX2_L3,0.859829560997777,1.86839453128395,1.7637933036052,0.787102758380054,0,0.487488845342669
DOLV_08_EKDL210009122-1a-AK31151-AK31152_HTVH3DSX2_L3,0.655839665725244,1.09154008644459,1.52019884999489,0.518382856273569,0,0.431417025297395
DOLV_09_EKDL210009122-1a-AK19293-AK31140_HTVH3DSX2_L3,0.686107255984728,1.07422601255317,1.5530782025763,0.531591446413897,0,0.441772510132903
DOLV_10_EKDL210009122-1a-AK31129-AK31130_HTVH3DSX2_L3,0.687027466522779,1.15051306793261,1.56561640387358,0.526707541904654,0,0.438822348068699
DOLV_11_EKDL210009122-1a-AK31119-AK31120_HTVH3DSX2_L3,0.57393109419325,2.17471081144534,1.52998281246179,0.541652323119312,0,0.37512257622674
DOLV_12_EKDL210009122-1a-AK18639-AK31107_HTVH3DSX2_L3,0.93810278300047,1.39227359874859,1.76514658446172,0.800703724041853,1,0.531458855178624
DOLV_13_EKDL210009122-1a-AK31230-AK31231_HTVH3DSX2_L3,0.674746518915614,1.99852527313307,1.59418207014303,0.634330992016913,0,0.42325561901159
DOLV_14_EKDL210009122-1a-AK19073-AK31217_HTVH3DSX2_L3,0.90807662668878,1.55819883807904,1.74556252418927,0.842253520087239,1,0.52022005176274
DOLV_15_EKDL210009122-1a-AK19284-AK31207_HTVH3DSX2_L3,0.579736147894848,0.97230763173442,1.46706408928286,0.470414531323919,0,0.39516756774966
DOLV_16_EKDL210009122-1a-AK19237-AK22949_HTVH3DSX2_L3,0.84772957347668,1.26274246285074,1.68317007785418,0.742514530741941,1,0.503650572589437
DOLV_17_EKDL210009122-1a-AK19205-AK31181_HTVH3DSX2_L3,1.18154372515268,1.77221299377744,1.97220863643905,1.06159670595005,1,0.599096719952443
DOLV_18_EKDL210009122-1a-AK31173-AK31174_HTVH3DSX2_L3,0.385148743003661,0.947453762676972,1.33183557125233,0.334319486507978,0,0.289186406578351
DOLV_19_EKDL210009122-1a-AK18985-AK31160_HTVH3DSX2_L3,1.07509467849034,2.71361447967936,1.9599133767129,1.024710071534,1,0.54854193622239
DOLV_20_EKDL210009122-1a-AK19079-AK31150_HTVH3DSX2_L3,0.715154597201323,1.40804670686449,1.56835579473257,0.647446016721446,0,0.45599002445944
GREV_01_EKDL210007863-1a-AK19130-AK23745_HLNT5DSX2_L2,0.927180696154027,2.08863720610471,1.76034151225452,0.881835901165362,1,0.526705011328527
GREV_02_EKDL210007863-1a-AK19011-AK22952_HLNT5DSX2_L2,0.888656793952559,2.39912264890324,1.77938777683808,0.841834196763634,0,0.499417162194807
GREV_03_EKDL210004788-1a-AK11631-AK349_HHJYYDSX2_L1,1.63315214323604,2.96776463602426,2.40049507308714,1.55705991997121,1,0.680339718896173
GREV_04_EKDL210004790-1a-AK11598-AK16273_HHJYYDSX2_L3,1.17260320468314,2.06024253382333,1.96979852301107,1.10310693378117,1,0.595290935080237
GREV_05_EKDL200012859-1a-AK11476-AK16258_HNLVYDSXY_L1,0.24288145608425,0.742105584669376,1.20276851470816,0.175383397378145,0,0.20193532929584
GREV_06_EKDL210005548-1a-AK11640-AK16265_HHJKNDSX2_L4,1.3770610611975,2.29918853681061,2.13740485921695,1.2802022091374,1,0.644267769514615
GREV_07_EKDL200012859-1a-AK11381-AK16293_HNLVYDSXY_L1,1.69060569738154,2.25571432835627,2.45074358333059,1.58259257260041,1,0.689833774892205
GREV_08_EKDL210005548-1a-AK11186-AK1268_HHJKNDSX2_L4,1.22743939820909,2.13157369481751,2.00694794874732,1.15332292540074,1,0.611595033630691
GREV_09_EKDL210004790-1a-AK11659-AK16242_HHJYYDSX2_L3,2.69979594013599,3.20070344545903,3.48312222306294,2.53405958585142,2,0.775108011501942
GREV_10_EKDL210007863-1a-AK18650-AK23751_HLNT5DSX2_L2,1.57010834107193,2.6663841035805,2.34670981508386,1.46801556431338,1,0.669067956753652
GREV_11_EKDL200012859-1a-AK11490-AK14430_HNLVYDSXY_L1,1.46243438492494,1.93716278038096,2.24409454411904,1.33302701844764,1,0.651681271075336
GREV_12_EKDL200012859-1a-AK11158-AK16267_HNLVYDSXY_L1,0.983269317796396,1.79289533870049,1.89403758958067,0.872879808703725,1,0.519139283826997
GREV_13_EKDL210005548-1a-AK11195-AK16227_HHJKNDSX2_L4,1.18439125960856,1.94867441133948,1.97674095572964,1.11226881760278,1,0.599163616343179
GREV_14_EKDL210007863-1a-AK19099-AK34207_HLNT5DSX2_L2,1.27242626418394,3.76113522837462,2.20594259649933,1.21525992032446,1,0.576817486639622
GREV_15_EKDL210004790-1a-AK12626-AK16295_HHJYYDSX2_L3,1.476994622926,2.1789984857963,2.27746428356237,1.34098225470462,1,0.648525921388206
GREV_16_EKDL210004788-1a-AK11661-AK16241_HHJYYDSX2_L1,1.24473888386758,2.18574327636854,2.05552846129598,1.15425457159608,1,0.605556628042406
GREV_17_EKDL210005548-1a-AK11490-AK14430_HHJKNDSX2_L4,1.657283713857,2.2671984361175,2.41484781279775,1.5525082163522,1,0.686289092453055
HAFR_01_EKDL200012859-1a-AK11714-AK16250_HNLVYDSXY_L1,1.08775036685406,1.85867144801341,1.88547692468336,0.993005400074577,1,0.576909933298126
HAFR_02_EKDL210007863-1a-AK19152-AK23701_HLNT5DSX2_L2,1.06112859958943,2.34057149677277,1.95396538843513,0.984962029437923,1,0.543064173945841
HAFR_03_EKDL210007863-1a-AK19092-AK23692_HLNT5DSX2_L2,1.72294535095942,3.26668059508815,2.51216064847645,1.6582163866339,1,0.685842026864191
HAFR_04_EKDL210004790-1a-AK11436-AK16240_HHJYYDSX2_L3,1.50447209574237,2.11414519366286,2.27979466025981,1.37091537464712,1,0.659915615194503
HAFR_05_EKDL210007863-1a-AK19109-AK31194_HLNT5DSX2_L2,1.2793871644979,1.82281797351177,2.06405936228454,1.13065720224274,1,0.619840295233367
HAFR_06_EKDL210007863-1a-AK18986-AK34202_HLNT5DSX2_L2,1.43993949751623,1.94220695488122,2.20161268239078,1.33059671679507,1,0.654038518688194
HAFR_07_EKDL210004790-1a-AK11375-AK16261_HHJYYDSX2_L3,1.02796533096223,1.45769231779328,1.8388928827454,0.860255543730208,1,0.559013165262606
HAFR_08_EKDL210004789-1a-AK11675-AK16223_HHJYYDSX2_L2,1.20300295149979,1.90514880831945,2.03470801303109,1.10779985884825,1,0.591241074294409
HAFR_09_EKDL210007863-1a-AK19003-AK23702_HLNT5DSX2_L2,1.95067211393025,2.35690642605761,2.74531142409377,1.76914448193505,2,0.710546751385018
HAFR_10_EKDL210004789-1a-AK11683-AK16236_HHJYYDSX2_L2,1.36340457010347,2.05655583080318,2.15760424998771,1.25464241441119,1,0.631906694710785
HAFR_11_EKDL210004790-1a-AK11718-AK16243_HHJYYDSX2_L3,1.15745055102247,2.00296591804399,2.03687008421977,1.0651823073885,1,0.568249570745537
HAFR_13_EKDL210007863-1a-AK19133-AK18842_HLNT5DSX2_L2,1.50901672667234,5.30692780570552,2.44473312532846,1.46825379784923,1,0.617252129092544
HAFR_14_EKDL210004790-1a-AK11495-AK16238_HHJYYDSX2_L3,1.0613056672336,1.50101074538935,1.87303036714392,0.972641383963858,1,0.566624912148084
HAFR_15_EKDL210004789-1a-AK11526-AK16296_HHJYYDSX2_L2,1.24343144878969,1.83586797694337,2.03275122438818,1.10543098311468,1,0.61169878235528
HAFR_16_EKDL210007863-1a-AK23704-AK22953_HLNT5DSX2_L2,2.5607834058451,4.2509464394539,3.45902681854497,2.4271258302881,2,0.740319037746802
HAFR_17_EKDL210004788-1a-AK11428-AK16253_HHJYYDSX2_L1,1.29078494852256,1.79801366015752,2.10984125053227,1.11164294998897,1,0.611792450354809
HAFR_18_EKDL210007863-1a-AK23705-AK23706_HLNT5DSX2_L2,0.830342143106702,1.67939342880493,1.74966784594229,0.760462591054422,0,0.474571299365335
HAFR_19_EKDL200012859-1a-AK11398-AK16264_HNLVYDSXY_L1,1.22705305704334,1.8221846285668,2.01885356410534,1.09326633440596,1,0.607796959056403
HAFR_23_EKDL200012859-1a-AK11416-AK16269_HNLVYDSXY_L1,1.37321388358643,2.20177187142051,2.16054214384405,1.26387216623575,1,0.635587640583097
HAFR_25_EKDL200012859-1a-AK11375-AK16261_HNLVYDSXY_L1,1.64266051269589,2.45801108556254,2.41040314658657,1.54099327875371,1,0.681487872691383
HALS_01_EKDL210007862-1a-AK19200-AK18813_HLNT5DSX2_L2,2.47074612570406,3.11778945896151,3.22586326488442,2.31136930507153,2,0.765917809536433
HALS_02_EKDL210007862-1a-AK19206-AK18829_HLNT5DSX2_L2,1.99581107881651,2.76486175991085,2.75005448796542,1.87283838912578,2,0.725735103631876
HALS_03_EKDL210007862-1a-AK19184-AK18843_HLNT5DSX2_L2,1.56426229669454,2.0295030808616,2.33470015541053,1.41316332417973,1,0.670005650648459
HALS_04_EKDL210007862-1a-AK19191-AK18808_HLNT5DSX2_L2,1.99373999210552,2.73212397641944,2.75746471402296,1.86834822514169,2,0.72303372803513
HALS_05_EKDL210007862-1a-AK16179-AK16180_HLNT5DSX2_L2,0.960672878444955,1.50018772444698,1.77270301947649,0.82176576473872,1,0.541925448250715
HALS_06_EKDL210007862-1a-AK16195-AK16196_HLNT5DSX2_L2,1.31908532083145,1.88464193758564,2.10424280534533,1.22764836270519,1,0.626869350571571
HALS_07_EKDL210007862-1a-AK16211-AK16212_HLNT5DSX2_L2,1.13617004602446,1.69170701327335,1.93080809958962,1.02707154570171,1,0.588442759415447
HALS_08_EKDL210007862-1a-AK19027-AK19676_HLNT5DSX2_L2,1.28827010479785,1.99878066808962,2.06071197258948,1.2066951506525,1,0.625157771650668
HALS_09_EKDL210007862-1a-AK19257-AK19684_HLNT5DSX2_L2,1.71123750713946,2.67672254742018,2.45801067606097,1.6326875850997,1,0.696187988036671
HALS_10_EKDL210007862-1a-AK19278-AK19691_HLNT5DSX2_L2,2.21706285339843,2.81394927527096,2.90643239168317,2.06348564781871,2,0.762812463741803
HALS_11_EKDL210009123-1a-AK18993-AK23693_HTVH3DSX2_L3,1.24278717508327,2.28206562809352,2.03752014905493,1.15958847885181,1,0.60995086387729
HALS_12_EKDL210009123-1a-AK18646-AK23694_HTVH3DSX2_L3,2.15858352196385,3.16875449754414,2.90670775746771,2.04297670492563,2,0.742621447380738
HALS_13_EKDL210007862-1a-AK19223-AK19696_HLNT5DSX2_L2,1.0195629732052,1.62947993626544,1.83308058849652,0.938679066877492,1,0.556201936566952
HALS_14_EKDL210007862-1a-AK19088-AK19704_HLNT5DSX2_L2,1.74709827756769,2.40586238414423,2.50223228198602,1.62116216493477,1,0.698215865147887
HALS_15_EKDL210007862-1a-AK19102-AK18815_HLNT5DSX2_L2,1.41378265096002,2.30136515946454,2.1582238272782,1.35372620823889,1,0.655067668650026
HAUG_01_EKDL210004790-1a-AK11615-AK16297_HHJYYDSX2_L3,1.45910276472821,2.17890681220479,2.24287392500295,1.33852147305986,1,0.650550505074102
HAUG_02_EKDL200012859-1a-AK11433-AK13293_HNLVYDSXY_L1,2.19777024640529,3.17149235174175,2.96903350635578,2.06624104296783,2,0.740230866947285
HAUG_03_EKDL210004789-1a-AK11398-AK16264_HHJYYDSX2_L2,1.31657501051939,1.80191038425876,2.11529055656819,1.14273507959219,1,0.622408588943704
HAUG_04_EKDL210009123-1a-AK27190-AK34205_HTVH3DSX2_L3,1.63481089682634,2.13792143617761,2.39949236904896,1.47213507754062,1,0.6813153139864
HAUG_05_EKDL200012859-1a-AK11692-AK16230_HNLVYDSXY_L1,0.969987845990143,1.39848917257294,1.78665416582033,0.825295771868508,1,0.542907443727304
HAUG_06_EKDL210004788-1a-AK11485-AK16252_HHJYYDSX2_L1,1.36242830723786,1.90582173082118,2.15216764222368,1.2606247207694,1,0.633049340817368
HAUG_07_EKDL210004788-1a-AK11158-AK16267_HHJYYDSX2_L1,1.31521484334332,1.84986016500738,2.103589794414,1.22433550119526,1,0.625224008424018
HAUG_08_EKDL210004789-1a-AK12626-AK16295_HHJYYDSX2_L2,1.18602555840924,1.77393401530929,1.97665529993975,1.06795386701371,1,0.60001638042071
HAUG_09_EKDL200012859-1a-AK11186-AK1268_HNLVYDSXY_L1,1.59938332021015,2.17668711862279,2.35704695191124,1.44898106352553,1,0.678553865426113
HAUG_10_EKDL210009123-1a-AK19072-AK23726_HTVH3DSX2_L3,1.20867005776293,2.16523219898039,2.04798024845807,1.12149965656798,1,0.590176618486834
HAUG_11_EKDL210004788-1a-AK11384-AK16224_HHJYYDSX2_L1,1.11262969535992,1.72625575074682,1.93914970195042,0.994588017290774,1,0.573771944600731
HAUG_12_EKDL210004789-1a-AK11473-AK16281_HHJYYDSX2_L2,1.64757706644128,2.66437451582675,2.42925421986392,1.53549016690129,1,0.678223404108441
HAUG_13_EKDL210004789-1a-AK11208-AK16233_HHJYYDSX2_L2,1.82002361549095,2.41247064874232,2.60812746590593,1.64645109072222,1,0.697827709451627
HAUG_14_EKDL210004788-1a-AK11506-AK16290_HHJYYDSX2_L1,1.47901497620386,1.9223580073725,2.24853593358113,1.35931945810396,1,0.657767996550607
HAUG_16_EKDL210004789-1a-AK11512-AK16284_HHJYYDSX2_L2,1.09863173339816,1.56021417735703,1.92174928912371,0.988247456757428,1,0.571683174083147
HAUG_17_EKDL200012859-1a-AK11387-AK16228_HNLVYDSXY_L1,0.969493745952741,1.41493560417943,1.78575988590328,0.824238502366663,1,0.542902634114319
HAUG_18_EKDL210005548-1a-AK11471-AK16271_HHJKNDSX2_L4,1.42264262585355,2.21354115419231,2.18334784142179,1.32174694754698,1,0.651587712623571
HAUG_19_EKDL210009123-1a-AK18989-AK33821_HTVH3DSX2_L3,0.387205146818645,0.974925373252767,1.3509317981528,0.330914155482251,0,0.286620795622822
HAUG_20_EKDL210009123-1a-AK19103-AK23729_HTVH3DSX2_L3,1.34574346028505,2.1802230494574,2.12921149645029,1.24651444314171,1,0.632038415407961
HAUG_21_EKDL200012859-1a-AK11486-AK16237_HNLVYDSXY_L1,0.919644150312294,1.45661450431328,1.77465358247969,0.774087140593962,1,0.518210516909525
HAUG_24_EKDL210009123-1a-AK19147-AK23730_HTVH3DSX2_L3,1.56585623763288,2.7112913356967,2.32452399700196,1.4793510377053,1,0.673624466623156
MORL_01_NS.1445.002.IDT_i7_101---IDT_i5_101_DS0.2,1.20360978317897,1.83554550332264,1.98237554944958,1.08374553382594,1,0.607155280700009
MORL_02_NS.1445.002.IDT_i7_149---IDT_i5_149_DS0.2,1.30919739167878,1.89930066674541,2.07393464110075,1.22994628304304,1,0.631262608634395
MORL_04_NS.1445.002.IDT_i7_162---IDT_i5_162_DS0.2,1.13883224780681,1.59766165936161,1.92168809566669,1.03708627446136,1,0.592620753791892
MORL_06_NS.1445.002.IDT_i7_163---IDT_i5_163_DS0.2,1.49696663932293,2.80218262063762,2.26064139168775,1.43287398166804,1,0.662186689506428
MORL_07_NS.1445.002.IDT_i7_128---IDT_i5_128_DS0.2,1.13390099834607,1.91063990410269,1.91910298634202,1.03440550478059,1,0.590849478332209
MORL_08_NS.1445.002.IDT_i7_176---IDT_i5_176_DS0.2,1.26091800939713,2.42972386004734,2.04046196124299,1.20709457001142,1,0.617957126056328
MORL_09_NS.1445.002.IDT_i7_129---IDT_i5_129_DS0.2,1.03740069033438,1.85651075727804,1.83383878804233,0.954110159600287,1,0.565698957345013
MORL_10_NS.1445.002.IDT_i7_165---IDT_i5_165_DS0.2,1.29784994485051,1.74365441241438,2.05561738331771,1.16002479058052,1,0.631367469152244
MORL_11_NS.1445.002.IDT_i7_189---IDT_i5_189_DS0.2,1.81059147262779,2.45844136445582,2.54772422324877,1.68728176661085,1,0.710670117317112
MORL_12_NS.1445.002.IDT_i7_113---IDT_i5_113_DS0.2,2.00546857541443,3.53356581827475,2.75227376657458,1.9219077142245,2,0.728658827392184
MORL_13_NS.1445.002.IDT_i7_161---IDT_i5_161_DS0.2,1.18332858453477,2.32013078265836,1.96427948768246,1.11688538324998,1,0.602423734481422
MORL_14_NS.1445.002.IDT_i7_126---IDT_i5_126_DS0.2,1.09874166108299,1.92745229680603,1.88542111297042,1.00497325777602,1,0.582756633796227
MORL_15_NS.1445.002.IDT_i7_174---IDT_i5_174_DS0.2,1.44474219151107,2.20456194004239,2.19880029083808,1.3407245938176,1,0.657059305263303
MORL_16_NS.1445.002.IDT_i7_127---IDT_i5_127_DS0.2,1.23802390546425,1.99094879260967,2.01785879507568,1.16333123241455,1,0.613533468489091
MORL_17_NS.1445.002.IDT_i7_175---IDT_i5_175_DS0.2,1.12725312843642,1.87436842463692,1.91668498873504,1.02428016951219,1,0.588126444909509
MORL_18_NS.1445.002.IDT_i7_140---IDT_i5_140_DS0.2,1.18875382098946,2.11723476785696,1.9726775751902,1.12007131805045,1,0.602609283919611
MORL_19_NS.1445.002.IDT_i7_188---IDT_i5_188_DS0.2,1.43840428350209,3.12389378128278,2.20096759526734,1.38201794943474,1,0.653532694708951
USAM_01_NS.1445.002.IDT_i7_125---IDT_i5_125_DS0.2,1.26624043877152,2.11504546723668,2.0372188942119,1.19056778475259,1,0.621553453273629
USAM_02_NS.1445.002.IDT_i7_173---IDT_i5_173_DS0.2,1.26986124874872,2.15023160224159,2.03943138476703,1.19563451577221,1,0.622654558635154
USAM_03_NS.1445.002.IDT_i7_138---IDT_i5_138_DS0.2,1.41323776970714,2.32521796963327,2.17805105830436,1.34361139873875,1,0.648854288478948
USAM_04_NS.1445.002.IDT_i7_186---IDT_i5_186_DS0.2,1.32633938844166,2.38557312717747,2.09749556902385,1.26845987481789,1,0.632344310056933
USAM_05_NS.1445.002.IDT_i7_139---IDT_i5_139_DS0.2,1.16117938092147,1.86791094704378,1.94493575760893,1.05133549594402,1,0.597027113301088
USAM_06_NS.1445.002.IDT_i7_187---IDT_i5_187_DS0.2,1.13071645884136,2.30074701870158,1.92782077400643,1.06533667780822,1,0.586525715506003
USAM_07_NS.1445.002.IDT_i7_152---IDT_i5_152_DS0.2,1.42908550858984,2.42598031162781,2.18280524564425,1.36569830553618,1,0.654701335101366
USAM_08_NS.1445.002.IDT_i7_105---IDT_i5_105_DS0.2,1.19131055041842,2.18292132706418,1.97871388095445,1.12021744273658,1,0.602063068281428
USAM_09_NS.1445.002.IDT_i7_141---IDT_i5_141_DS0.2,1.2202589094035,2.35979821322905,1.99665410689774,1.14538754303627,1,0.611151879130069
USAM_10_NS.1445.002.IDT_i7_177---IDT_i5_177_DS0.2,1.15133526621201,2.15874866068928,1.94329018273381,1.08601242300448,1,0.592466980197572
USAM_11_NS.1445.002.IDT_i7_106---IDT_i5_106_DS0.2,1.55357415142847,2.67732806899275,2.30498115883115,1.4667806876286,1,0.674007310418281
USAM_12_NS.1445.002.IDT_i7_137---IDT_i5_137_DS0.2,1.13089907030174,1.67516705164957,1.92166668330778,1.02779884371954,1,0.58849907745458
USAM_13_NS.1445.002.IDT_i7_185---IDT_i5_185_DS0.2,1.1216111703773,1.88817223595278,1.91225927830811,1.02212310500083,1,0.586537183059134
USAM_14_NS.1445.002.IDT_i7_150---IDT_i5_150_DS0.2,1.15802830592781,1.87623974667522,1.95735735951527,1.04038468890392,1,0.591628452667708
USAM_15_NS.1445.002.IDT_i7_103---IDT_i5_103_DS0.2,1.15667614040021,1.88294112818215,1.94236138336177,1.04840804697919,1,0.595499967363507
USAM_16_NS.1445.002.IDT_i7_151---IDT_i5_151_DS0.2,1.24491105799026,1.99200556673667,2.01807527366076,1.17097241366575,1,0.616880388079805
USAM_17_NS.1445.002.IDT_i7_104---IDT_i5_104_DS0.2,1.14516331956904,1.98529002202215,1.92875874040436,1.08776813501686,1,0.593730722033657
USAM_18_NS.1445.002.IDT_i7_164---IDT_i5_164_DS0.2,1.04743797504391,1.71648970012119,1.84578387770632,0.964043783917583,1,0.567475958423449
USAM_19_NS.1445.002.IDT_i7_117---IDT_i5_117_DS0.2,1.26712804253427,2.00927022220912,2.0411172020044,1.18967406083664,1,0.620801216750274